,Character Limit,,,Bytes for Longest Length,784,,Bytes per Page for longest length,16464,,,Character Limit,20,,Bytes per Page,3528
,Longest File Name,97,,Page length,21,,,,,,Bytes per Line,168,,,
,,,,,,,,,,,,,,,
Index,Filename,Full Length,Truncated Filename,,,,,,,,,,,,
1,10 Yard Fight (1986)(IREM)(JP).rom,34,10 Yard Fight (1986),"db ""10 Yard Fight (1986)"", 0",,,,,,,,,,,
2,1942 (1986)(ASCII)(JP).rom,26,1942 (1986)(ASCII)(J,,,,,,,,,,,,
3,1942 (1987)(Zemina)(KR).rom,27,1942 (1987)(Zemina)(,,,,,,,,,,,,
4,3D Golf Simulation - High Speed Edition (1984)(T&E Soft)(JP).rom,64,3D Golf Simulation -,,,,,,,,,,,,
5,3D Golf Simulation - Normal Edition (1983)(T&E Soft)(JP).rom,60,3D Golf Simulation -,,,,,,,,,,,,
6,3D Tennis (1983)(ASCII)(JP).rom,31,3D Tennis (1983)(ASC,,,,,,,,,,,,
7,3D Water Driver (1984)(Apollo Technica)(JP).rom,47,3D Water Driver (198,,,,,,,,,,,,
8,A Life M36 Planet - MotherBrain has Been Aliving (1987)(Pixel)(JP).rom,70,A Life M36 Planet - ,,,,,,,,,,,,
9,A.E. (1983)(Toshiba-EMI)(JP).rom,32,A.E. (1983)(Toshiba-,,,,,,,,,,,,
10,A1 Spirit - The Way to Formula 1 (1987)(Konami)(JP).rom,55,A1 Spirit - The Way ,,,,,,,,,,,,
11,Actman (1984)(ASCII)(JP).rom,28,Actman (1984)(ASCII),,,,,,,,,,,,
12,Adven'chuta! (1983)(MIA)(JP).rom,32,Adven'chuta! (1983)(,,,,,,,,,,,,
13,Alcazar - The Forgotten Fortress (1985)(Pony Canyon)(JP).rom,60,Alcazar - The Forgot,,,,,,,,,,,,
14,Alibaba and 40 Thieves (1984)(ICM).rom,38,Alibaba and 40 Thiev,,,,,,,,,,,,
15,Alien 8 (1985)(Ultimate Play The Game)(GB).rom,46,Alien 8 (1985)(Ultim,,,,,,,,,,,,
16,Alien 8 (1986)(Nippon Dexter)(JP).rom,37,Alien 8 (1986)(Nippo,,,,,,,,,,,,
17,Aliens. Alien 2 (1987)(Square)(JP).rom,38,Aliens. Alien 2 (198,,,,,,,,,,,,
18,Alpha Roid (1986)(Pony Canyon)(JP).rom,38,Alpha Roid (1986)(Po,,,,,,,,,,,,
19,Alpha Squadron (1985)(Sony)(JP).rom,35,Alpha Squadron (1985,,,,,,,,,,,,
20,American Truck (1986)(Telenet Japan)(ES).rom,44,American Truck (1986,,,,,,,,,,,,
21,American Truck (1986)(Telenet Japan)(JP).rom,44,American Truck (1986,,,,,,,,,,,,
22,Anaza. Kaleidoscope Special (1987)(Hot-B)(JP).rom,49,Anaza. Kaleidoscope ,,,,,,,,,,,,
23,Anaza. Kaleidoscope Special (1987)(Hot-B)(JP)[cr Edgard].rom,60,Anaza. Kaleidoscope ,,,,,,,,,,,,
24,Anaza. Kaleidoscope Special (1987)(Hot-B)(JP)[cr Sammi].rom,59,Anaza. Kaleidoscope ,,,,,,,,,,,,
25,Angelo (1984)(ASCII)(JP).rom,28,Angelo (1984)(ASCII),,,,,,,,,,,,
26,Animal Land Murder Case (1987)(Enix)(JP).rom,44,Animal Land Murder C,,,,,,,,,,,,
27,Antarctic Adventure - European Version (1984)(Konami)(JP)[RC-701].rom,69,Antarctic Adventure ,,,,,,,,,,,,
28,Antarctic Adventure - European Version (1984)(Konami)(JP)[SCC+][RC-701].rom,75,Antarctic Adventure ,,,,,,,,,,,,
29,Antarctic Adventure - European Version (1984)(Konami)(JP)[SCC][RC-701].rom,74,Antarctic Adventure ,,,,,,,,,,,,
30,Antarctic Adventure - Japanese Version (1984)(Konami)(JP)[RC-701].rom,69,Antarctic Adventure ,,,,,,,,,,,,
31,Antarctic Adventure - Japanese Version (1984)(Konami)(JP)[cr Prosoft][RC-701].rom,81,Antarctic Adventure ,,,,,,,,,,,,
32,Anty (1984)(Bothtec)(JP).rom,28,Anty (1984)(Bothtec),,,,,,,,,,,,
33,Aquapolis SOS (1983)(General)(JP).rom,37,Aquapolis SOS (1983),,,,,,,,,,,,
34,Aquapolis SOS (1983)(General)(JP)[cr Sammi].rom,47,Aquapolis SOS (1983),,,,,,,,,,,,
35,Aquattack (1984)(Toshiba-EMI)(JP).rom,37,Aquattack (1984)(Tos,,,,,,,,,,,,
36,Aramo (1986)(Xain)(JP).rom,26,Aramo (1986)(Xain)(J,,,,,,,,,,,,
37,Arkanoid (1986)(TAITO)(JP).rom,30,Arkanoid (1986)(TAIT,,,,,,,,,,,,
38,Arubatoros. Albatross (1986)(Telenet Japan)(JP).rom,51,Arubatoros. Albatros,,,,,,,,,,,,
39,Astro Marine Corps (1989)(Dinamic Software)(ES).rom,51,Astro Marine Corps (,,,,,,,,,,,,
40,Athletic Ball. Ghost Flipper (1984)(ASCII)(JP).rom,50,Athletic Ball. Ghost,,,,,,,,,,,,
41,Athletic Land (1984)(Konami)(JP)[RC-700].rom,44,Athletic Land (1984),,,,,,,,,,,,
42,Athletic Land (1984)(Konami)(beta)[RC-700].rom,46,Athletic Land (1984),,,,,,,,,,,,
43,Attack 4 Women Volleyball (1986)(Pax Softonica)(JP).rom,55,Attack 4 Women Volle,,,,,,,,,,,,
44,B.C.'s Quest for Tires (1985)(Toshiba-EMI)(JP).rom,50,B.C.'s Quest for Tir,,,,,,,,,,,,
45,B.C.'s Quest for Tires II - Grog's Revenge (1985)(Comptiq)(JP).rom,66,B.C.'s Quest for Tir,,,,,,,,,,,,
46,B.C.'s Quest for Tires II - Grog's Revenge (1985)(Comptiq)(JP)[tr it].rom,73,B.C.'s Quest for Tir,,,,,,,,,,,,
47,B.C.'s Quest for Tires II - Grog's Revenge (1986)(Topia)(KR).rom,64,B.C.'s Quest for Tir,,,,,,,,,,,,
48,Back to the Future (1985)(Pony Canyon)(JP).rom,46,Back to the Future (,,,,,,,,,,,,
49,Backgammon (1984)(Electric Software)(GB).rom,44,Backgammon (1984)(El,,,,,,,,,,,,
50,Backgammon (1985)(Sony)(JP).rom,31,Backgammon (1985)(So,,,,,,,,,,,,
51,Banana (1984)(ASCII)(JP).rom,28,Banana (1984)(ASCII),,,,,,,,,,,,
52,Bank Panic (1985)(Pony Canyon)(JP).rom,38,Bank Panic (1985)(Po,,,,,,,,,,,,
53,Bank Panic (1985)(Pony Canyon)(JP)[cr Prosoft].rom,50,Bank Panic (1985)(Po,,,,,,,,,,,,
54,Batman (1986)(Pack In Video)(JP).rom,36,Batman (1986)(Pack I,,,,,,,,,,,,
55,Batten Tanuki no Daibouken. Raccoon Dog (1986)(Tecno Soft).rom,62,Batten Tanuki no Dai,,,,,,,,,,,,
56,Battle Cross (1984)(Sony)(JP).rom,33,Battle Cross (1984)(,,,,,,,,,,,,
57,Battle Ship Clapton II (1984)(T&E Soft)(JP).rom,47,Battle Ship Clapton ,,,,,,,,,,,,
58,Beach-Head (1985)(US Gold)(GB).rom,34,Beach-Head (1985)(US,,,,,,,,,,,,
59,Beamrider (1984)(Pony Canyon)(JP).rom,37,Beamrider (1984)(Pon,,,,,,,,,,,,
60,Bee & Flower (1983)(Think Soft).rom,35,Bee & Flower (1983)(,,,,,,,,,,,,
61,Bifamu. Galaxy Drift Motorcycle Femme (1984)(Bandai)(JP).rom,60,Bifamu. Galaxy Drift,,,,,,,,,,,,
62,Binary Land (1984)(Kuma Computers)(GB).rom,42,Binary Land (1984)(K,,,,,,,,,,,,
63,Black Onyx II,13,Black Onyx II,,,,,,,,,,,,
64,Black Onyx,10,Black Onyx,,,,,,,,,,,,
65,Black Onyx,10,Black Onyx,,,,,,,,,,,,
66,Blagger (1984)(Alligata Software)(GB).rom,41,Blagger (1984)(Allig,,,,,,,,,,,,
67,Block Hole (1990)(Zemina)(KR).rom,33,Block Hole (1990)(Ze,,,,,,,,,,,,
68,Blockade Runner (1984)(Toshiba-EMI)(JP).rom,43,Blockade Runner (198,,,,,,,,,,,,
69,Blusy Shop (2005)(MSXnake).rom,30,Blusy Shop (2005)(MS,,,,,,,,,,,,
70,Boggy '84 (1984)(Nippon Columbia - Colpax - Universal).rom,58,Boggy '84 (1984)(Nip,,,,,,,,,,,,
71,Boing Boing (1985)(Idealogic)(ES).rom,37,Boing Boing (1985)(I,,,,,,,,,,,,
72,Bokosuka Wars (1984)(ASCII)(JP).rom,35,Bokosuka Wars (1984),,,,,,,,,,,,
73,Bomb Man (2005)(AGsoftware).rom,31,Bomb Man (2005)(AGso,,,,,,,,,,,,
74,Bomber King (1988)(Hudson Soft)(JP).rom,39,Bomber King (1988)(H,,,,,,,,,,,,
75,Bomber Man (1983)(Hudson Soft)(JP).rom,38,Bomber Man (1983)(Hu,,,,,,,,,,,,
76,Bomber Man (1986)(Korea Soft Bank).rom,38,Bomber Man (1986)(Ko,,,,,,,,,,,,
77,Bomber Man Special (1986)(Hudson Soft)(JP).rom,46,Bomber Man Special (,,,,,,,,,,,,
78,Bomber Man Special (1986)(Hudson Soft)(JP)[cr SoftMen].rom,58,Bomber Man Special (,,,,,,,,,,,,
79,Bomber Man. Eric and the Floaters (1985)(Kuma Computers)(GB).rom,64,Bomber Man. Eric and,,,,,,,,,,,,
80,Boogie Woogi Jungle (1985)(Ample Software)(JP).rom,50,Boogie Woogi Jungle ,,,,,,,,,,,,
81,Boomerang (1984)(ASCII)(JP).rom,31,Boomerang (1984)(ASC,,,,,,,,,,,,
82,Borfesu. Bolu Fez and Five Evil Spirits (1987)(XTalSoft)(JP).rom,64,Borfesu. Bolu Fez an,,,,,,,,,,,,
83,Bosconian (1984)(Namcot)(JP).rom,32,Bosconian (1984)(Nam,,,,,,,,,,,,
84,Bouken Roman - Dota (1986)(System Soft)(JP).rom,47,Bouken Roman - Dota ,,,,,,,,,,,,
85,Boulder Dash (1985)(Databyte)(GB).rom,37,Boulder Dash (1985)(,,,,,,,,,,,,
86,Bousou Tokkyuu SOS. Stop the Express (1985)(Hudson Soft)(JP).rom,64,Bousou Tokkyuu SOS. ,,,,,,,,,,,,
87,Brain,5,Brain,,,,,,,,,,,,
88,Break In (1987)(Jaleco)(JP).rom,31,Break In (1987)(Jale,,,,,,,,,,,,
89,Break Out (1983)(ASCII)(JP).rom,31,Break Out (1983)(ASC,,,,,,,,,,,,
90,Brother Adventure. Mario Bros (1987)(Zemina)(KR).rom,52,Brother Adventure. M,,,,,,,,,,,,
91,Bruce Lee (1985)(Comptiq)(JP).rom,33,Bruce Lee (1985)(Com,,,,,,,,,,,,
92,Burger Time (1986)(Radio Wave Newspaper Publisher)(JP).rom,58,Burger Time (1986)(R,,,,,,,,,,,,
93,Buru to Marty Kikiippatsu. Inspecteur Z (1986)(HAL Laboratory)(JP).rom,70,Buru to Marty Kikiip,,,,,,,,,,,,
94,Butamaru Pants. Pig Mock (1983)(HAL Laboratory)(JP).rom,55,Butamaru Pants. Pig ,,,,,,,,,,,,
95,C-So! (1985)(Pony Canyon)(JP).rom,33,C-So! (1985)(Pony Ca,,,,,,,,,,,,
96,Cabbage Patch Kids (1984)(Konami)(JP)[RC-716].rom,49,Cabbage Patch Kids (,,,,,,,,,,,,
97,Candoo Ninja (1983)(ASCII)(JP).rom,34,Candoo Ninja (1983)(,,,,,,,,,,,,
98,Cannon Ball (1983)(Hudson Soft)(JP).rom,39,Cannon Ball (1983)(H,,,,,,,,,,,,
99,Cannon Fighter (1984)(Policy)(JP).rom,37,Cannon Fighter (1984,,,,,,,,,,,,
100,Captain Chef (1984)(Nippon Columbia - Colpax - Universal).rom,61,Captain Chef (1984)(,,,,,,,,,,,,
101,Captain Cosmo (1984)(ASCII)(JP).rom,35,Captain Cosmo (1984),,,,,,,,,,,,
102,Car Fighter (1985)(Casio)(JP).rom,33,Car Fighter (1985)(C,,,,,,,,,,,,
103,Car Jamboree (1984)(Sony)(JP).rom,33,Car Jamboree (1984)(,,,,,,,,,,,,
104,Car Race (1983)(Ample Software)(JP).rom,39,Car Race (1983)(Ampl,,,,,,,,,,,,
105,Casio World Open (1985)(Casio)(JP).rom,38,Casio World Open (19,,,,,,,,,,,,
106,Casio World Open (1985)(Casio)(JP)[cr Boram Soft].rom,53,Casio World Open (19,,,,,,,,,,,,
107,Castle Excellent (1986)(ASCII)(JP).rom,38,Castle Excellent (19,,,,,,,,,,,,
108,Castle,6,Castle,,,,,,,,,,,,
109,Castle,6,Castle,,,,,,,,,,,,
110,Caverns of Titan (2005)(Jose Luis Tur).rom,42,Caverns of Titan (20,,,,,,,,,,,,
111,Chack 'n Pop (1984)(TAITO)(JP).rom,34,Chack 'n Pop (1984)(,,,,,,,,,,,,
112,Challenge Derby (1985)(Pony Canyon)(JP).rom,43,Challenge Derby (198,,,,,,,,,,,,
113,Champion Boulder Dash (1985)(Comptiq)(JP).rom,45,Champion Boulder Das,,,,,,,,,,,,
114,Champion Boxing (1985)(Pony Canyon)(JP).rom,43,Champion Boxing (198,,,,,,,,,,,,
115,Champion Ice Hockey (1986)(Pony Canyon)(JP).rom,47,Champion Ice Hockey ,,,,,,,,,,,,
116,Champion Kendo (1986)(Pony Canyon)(JP).rom,42,Champion Kendo (1986,,,,,,,,,,,,
117,Champion Pro Wrestling (1985)(Pony Canyon)(JP).rom,50,Champion Pro Wrestli,,,,,,,,,,,,
118,Champion Soccer (1985)(Pony Canyon)(JP).rom,43,Champion Soccer (198,,,,,,,,,,,,
119,Championship Lode Runner (1985)(Sony)(JP).rom,45,Championship Lode Ru,,,,,,,,,,,,
120,Championship Lode Runner (1985)(Sony)(JP)[cr Prosoft][b2].rom,61,Championship Lode Ru,,,,,,,,,,,,
121,Cheating Wives (2005)(Crappysoft).rom,37,Cheating Wives (2005,,,,,,,,,,,,
122,Checkers in Tantan Tanuki (1985)(Pony Canyon)(JP).rom,53,Checkers in Tantan T,,,,,,,,,,,,
123,Chess Game,10,Chess Game,,,,,,,,,,,,
124,Chess Master (1985)(Philips).rom,32,Chess Master (1985)(,,,,,,,,,,,,
125,Chocobo Racing (2004)(HL-Soft).rom,34,Chocobo Racing (2004,,,,,,,,,,,,
126,Choplifter (1985)(Broderbund).rom,33,Choplifter (1985)(Br,,,,,,,,,,,,
127,Choro Q (1984)(TAITO)(JP).rom,29,Choro Q (1984)(TAITO,,,,,,,,,,,,
128,Choro Q (1984)(Taito)(JP)[cr Prosoft].rom,41,Choro Q (1984)(Taito,,,,,,,,,,,,
129,Circus Charlie (1984)(Konami)(JP)[RC-712].rom,45,Circus Charlie (1984,,,,,,,,,,,,
130,City Connection (1986)(Jaleco)(JP).rom,38,City Connection (198,,,,,,,,,,,,
131,Classic Minesweeper (2004)(Karoshi)[RKS02].rom,46,Classic Minesweeper ,,,,,,,,,,,,
132,Classic Pong v0.15 (2004)(Karoshi)[RKS01].rom,45,Classic Pong v0.15 (,,,,,,,,,,,,
133,Coaster Race (1986)(Sony)(JP).rom,33,Coaster Race (1986)(,,,,,,,,,,,,
134,Color Ball (1983)(Hudson Soft)(JP).rom,38,Color Ball (1983)(Hu,,,,,,,,,,,,
135,Color Tochika. Pillbox (1983)(Magic Software)(JP).rom,53,Color Tochika. Pillb,,,,,,,,,,,,
136,Come On! Picot (1986)(Pony Canyon)(JP).rom,42,Come On! Picot (1986,,,,,,,,,,,,
137,Comecocos (19xx)(Idealogic)(ES).rom,35,Comecocos (19xx)(Ide,,,,,,,,,,,,
138,Comet Tail (1983)(ASCII)(JP).rom,32,Comet Tail (1983)(AS,,,,,,,,,,,,
139,Comic Bakery (1984)(Konami)(JP)[RC-714].rom,43,Comic Bakery (1984)(,,,,,,,,,,,,
140,Computer Billiards (1985)(Sony)(JP).rom,39,Computer Billiards (,,,,,,,,,,,,
141,Computer Chess (1985)(Sony)(JP).rom,35,Computer Chess (1985,,,,,,,,,,,,
142,Computer Othello (1984)(Sony)(JP).rom,37,Computer Othello (19,,,,,,,,,,,,
143,Computer Pachinko (1984)(Sony)(JP).rom,38,Computer Pachinko (1,,,,,,,,,,,,
144,Computer Wars (2004)(Crappysoft)(ES).rom,40,Computer Wars (2004),,,,,,,,,,,,
145,Con-Dori (1983)(Cross Talk)(JP).rom,35,Con-Dori (1983)(Cros,,,,,,,,,,,,
146,Confused (1986)(Al Alamiah)(KW).rom,35,Confused (1986)(Al A,,,,,,,,,,,,
147,Cosmic Battle (2005)(Vendetta)(beta).rom,40,Cosmic Battle (2005),,,,,,,,,,,,
148,Cosmic Soldier 2 - Psychic War (1987)(Kogado)(JP).rom,53,Cosmic Soldier 2 - P,,,,,,,,,,,,
149,Cosmo Explorer (1985)(Sony)(JP).rom,35,Cosmo Explorer (1985,,,,,,,,,,,,
150,Courageous Perseus (1985)(Cosmos Computer)(JP).rom,50,Courageous Perseus (,,,,,,,,,,,,
151,Craze (1988)(Heart Soft)(JP).rom,32,Craze (1988)(Heart S,,,,,,,,,,,,
152,Crazy Buggy (2005)(Crappysoft).rom,34,Crazy Buggy (2005)(C,,,,,,,,,,,,
153,Crazy Bullet (1983)(ASCII)(JP).rom,34,Crazy Bullet (1983)(,,,,,,,,,,,,
154,Crazy Cars (1988)(Titus)(GB).rom,32,Crazy Cars (1988)(Ti,,,,,,,,,,,,
155,Crazy Cars (1988)(Titus)(GB)[cr VIP Soft].rom,45,Crazy Cars (1988)(Ti,,,,,,,,,,,,
156,Crazy Train (1983)(Sony)(JP).rom,32,Crazy Train (1983)(S,,,,,,,,,,,,
157,Cross Blaim (1986)(dB-Soft)(JP).rom,35,Cross Blaim (1986)(d,,,,,,,,,,,,
158,Crusader (1985)(Pony Canyon)(JP).rom,36,Crusader (1985)(Pony,,,,,,,,,,,,
159,Cure,4,Cure,,,,,,,,,,,,
160,D-Day (1984)(Jaleco)(JP).rom,28,D-Day (1984)(Jaleco),,,,,,,,,,,,
161,Daidasso. Great Escape (1985)(Carry Lab)(JP).rom,48,Daidasso. Great Esca,,,,,,,,,,,,
162,Daishogai Keiba. Exciting Jockey (1984)(Casio)(JP).rom,54,Daishogai Keiba. Exc,,,,,,,,,,,,
163,Daiva Story 4 - Asura's Bloodfeud (1987)(T&E Soft)(JP).rom,58,Daiva Story 4 - Asur,,,,,,,,,,,,
164,Dam Busters,11,Dam Busters,,,,,,,,,,,,
165,Danger X4 (1984)(ASCII)(JP).rom,31,Danger X4 (1984)(ASC,,,,,,,,,,,,
166,David II (1984)(ASCII)(JP).rom,30,David II (1984)(ASCI,,,,,,,,,,,,
167,Dawn Patrol (1986)(Pony Canyon)(JP).rom,39,Dawn Patrol (1986)(P,,,,,,,,,,,,
168,Decathlon (1984)(Pony Canyon)(JP).rom,37,Decathlon (1984)(Pon,,,,,,,,,,,,
169,Deep Dungeon (1988)(Scaptrust)(JP).rom,38,Deep Dungeon (1988)(,,,,,,,,,,,,
170,Deep Dungeon II (1988)(Scaptrust)(JP).rom,41,Deep Dungeon II (198,,,,,,,,,,,,
171,Demon Crystal Saga II - Knither Special (1987)(Radio Wave Newspaper Publisher)(JP).rom,86,Demon Crystal Saga I,,,,,,,,,,,,
172,Demon Crystal,13,Demon Crystal,,,,,,,,,,,,
173,Demonia (1986)(Microids)(GB)(fr).rom,36,Demonia (1986)(Micro,,,,,,,,,,,,
174,Devil's Heaven (1984)(General)(JP).rom,38,Devil's Heaven (1984,,,,,,,,,,,,
175,Dig Dug (1984)(Namcot)(JP).rom,30,Dig Dug (1984)(Namco,,,,,,,,,,,,
176,Dip Dip (1985)(Indescomp)(ES).rom,33,Dip Dip (1985)(Indes,,,,,,,,,,,,
177,Doki Doki Penguin Land (1985)(Pony Canyon)(JP).rom,50,Doki Doki Penguin La,,,,,,,,,,,,
178,Donkey Kong (1986)(Ocean Software)(GB)[cr Dr. Jekyl and mr hyde].rom,68,Donkey Kong (1986)(O,,,,,,,,,,,,
179,Door Door Mk2 (1985)(Enix)(JP)[cr Unicorn].rom,46,Door Door Mk2 (1985),,,,,,,,,,,,
180,Door Door Mk2 (1985)(Enix).rom,30,Door Door Mk2 (1985),,,,,,,,,,,,
181,Dorodon (1984)(Sony)(JP).rom,28,Dorodon (1984)(Sony),,,,,,,,,,,,
182,Dragon Attack (1983)(HAL Laboratory)(JP).rom,44,Dragon Attack (1983),,,,,,,,,,,,
183,Dragon Quest (1986)(Enix)(JP).rom,33,Dragon Quest (1986)(,,,,,,,,,,,,
184,Dragon Quest II (1988)(Enix)(JP).rom,36,Dragon Quest II (198,,,,,,,,,,,,
185,Dragon Slayer (1985)(Square)(JP).rom,36,Dragon Slayer (1985),,,,,,,,,,,,
186,Dragon Slayer 2 - Xanadu (1987)(Falcom)(JP).rom,47,Dragon Slayer 2 - Xa,,,,,,,,,,,,
187,Dragon Slayer 2 - Xanadu (1987)(Zemina)(KR).rom,47,Dragon Slayer 2 - Xa,,,,,,,,,,,,
188,Dragon Slayer 3 - Romancia. Dragon Slayer Jr (1987)(Falcom)(JP).rom,67,Dragon Slayer 3 - Ro,,,,,,,,,,,,
189,Dragon Slayer 4 - Drasle Family (1987)(Falcom)(JP).rom,54,Dragon Slayer 4 - Dr,,,,,,,,,,,,
190,Drainer (1987)(Victor)(JP).rom,30,Drainer (1987)(Victo,,,,,,,,,,,,
191,Driller Tanks (1984)(Hudson Soft)(JP).rom,41,Driller Tanks (1984),,,,,,,,,,,,
192,Drink It! (2006)(Crappysoft).rom,32,Drink It! (2006)(Cra,,,,,,,,,,,,
193,Duck Hunt (2004)(Karoshi)[RK703][gunstick].rom,46,Duck Hunt (2004)(Kar,,,,,,,,,,,,
194,Dungeon Hunter (1989)(ASCII)(JP).rom,36,Dungeon Hunter (1989,,,,,,,,,,,,
195,Dungeon Master (1986)(ASCII)(JP).rom,36,Dungeon Master (1986,,,,,,,,,,,,
196,Dunk Shot (1986)(HAL Laboratory)(JP).rom,40,Dunk Shot (1986)(HAL,,,,,,,,,,,,
197,Dustin (1987)(Dinamic Software)(ES).rom,39,Dustin (1987)(Dinami,,,,,,,,,,,,
198,Dynamite Bowl (1988)(Toshiba-EMI)(JP).rom,41,Dynamite Bowl (1988),,,,,,,,,,,,
199,E.I. - Exa Innova (1984)(Sony)(JP).rom,38,E.I. - Exa Innova (1,,,,,,,,,,,,
200,Eagle Fighter (1985)(Casio)(JP).rom,35,Eagle Fighter (1985),,,,,,,,,,,,
201,Eat Blue! 2004 (2004)(Paxanga Soft).rom,39,Eat Blue! 2004 (2004,,,,,,,,,,,,
202,Eat Blue! 2004 v2 (2004)(Paxanga Soft).rom,42,Eat Blue! 2004 v2 (2,,,,,,,,,,,,
203,Eggerland Mystery (1985)(HAL Laboratory)(JP).rom,48,Eggerland Mystery (1,,,,,,,,,,,,
204,Eggerland Mystery 2. Meikyushinwa. Labyrinth Myth (1986)(HAL Laboratory)(JP).rom,80,Eggerland Mystery 2.,,,,,,,,,,,,
205,Eggerland Mystery 2. Meikyushinwa. Labyrinth Myth (1986)(HAL Laboratory)(JP)[h THEVMA].rom,90,Eggerland Mystery 2.,,,,,,,,,,,,
206,Elevator Action (1985)(Nidecom)(JP).rom,39,Elevator Action (198,,,,,,,,,,,,
207,Erika (1987)(Jast)(JP).rom,26,Erika (1987)(Jast)(J,,,,,,,,,,,,
208,Exchanger (1983)(ASCII)(JP).rom,31,Exchanger (1983)(ASC,,,,,,,,,,,,
209,Exerion (1984)(Jaleco)(JP).rom,30,Exerion (1984)(Jalec,,,,,,,,,,,,
210,Exerion (1984)(Uranio)(IT).rom,30,Exerion (1984)(Urani,,,,,,,,,,,,
211,Exerion II - Zorni (1984)(Jaleco)(JP).rom,41,Exerion II - Zorni (,,,,,,,,,,,,
212,Exoide-Z (1986)(Casio)(JP).rom,30,Exoide-Z (1986)(Casi,,,,,,,,,,,,
213,Exoide-Z Area 5 (1986)(Casio)(JP).rom,37,Exoide-Z Area 5 (198,,,,,,,,,,,,
214,F-1 Spirit - The Way to Formula 1 (1987)(Konami)(JP)[RC-752].rom,64,F-1 Spirit - The Way,,,,,,,,,,,,
215,F-1 Spirit - The Way to Formula 1 (1987)(Konami)(JP)[SCC][RC-752].rom,69,F-1 Spirit - The Way,,,,,,,,,,,,
216,F-1 Spirit - The Way to Formula 1 (1987)(Zemina)(KR)[RC-752].rom,64,F-1 Spirit - The Way,,,,,,,,,,,,
217,F16 Fighting Falcon (1985)(ASCII)(JP).rom,41,F16 Fighting Falcon ,,,,,,,,,,,,
218,Fa Tetris (1989)(Fa Soft)(KR).rom,33,Fa Tetris (1989)(Fa ,,,,,,,,,,,,
219,Factory Infection (2004)(Karoshi)[RK705].rom,44,Factory Infection (2,,,,,,,,,,,,
220,Fairy (1985)(ASCII)(JP).rom,27,Fairy (1985)(ASCII)(,,,,,,,,,,,,
221,Fairyland Story,15,Fairyland Story,,,,,,,,,,,,
222,Fantasy Zone (1986)(Pony Canyon)(JP).rom,40,Fantasy Zone (1986)(,,,,,,,,,,,,
223,Fantasy Zone (1987)(Zemina)(KR).rom,35,Fantasy Zone (1987)(,,,,,,,,,,,,
224,Final Justice (1985)(Pony Canyon)(JP).rom,41,Final Justice (1985),,,,,,,,,,,,
225,Final Mahjong (1983)(MIA)(JP).rom,33,Final Mahjong (1983),,,,,,,,,,,,
226,Final Zone Wolf (1986)(Telenet Japan)(JP).rom,45,Final Zone Wolf (198,,,,,,,,,,,,
227,Final Zone Wolf (1986)(Zemina)(KR).rom,38,Final Zone Wolf (198,,,,,,,,,,,,
228,Fire Rescue (1984)(Hudson Soft)(JP).rom,39,Fire Rescue (1984)(H,,,,,,,,,,,,
229,Flappy Limited (1985)(dB-Soft)(JP).rom,38,Flappy Limited (1985,,,,,,,,,,,,
230,Flappy Limited 85 (1985)(dB-Soft)(JP).rom,41,Flappy Limited 85 (1,,,,,,,,,,,,
231,Flash Splash (1984)(Toshiba-EMI)(JP).rom,40,Flash Splash (1984)(,,,,,,,,,,,,
232,Flashpoint (1990)(Zemina)(KR).rom,33,Flashpoint (1990)(Ze,,,,,,,,,,,,
233,Flicky (1985)(Micronet)(JP).rom,31,Flicky (1985)(Micron,,,,,,,,,,,,
234,Flics,5,Flics,,,,,,,,,,,,
235,Flight Deck II (1986)(Pony Canyon)(JP).rom,42,Flight Deck II (1986,,,,,,,,,,,,
236,Flight Simulator (1986)(subLOGIC)(JP).rom,41,Flight Simulator (19,,,,,,,,,,,,
237,Flipper Slipper (1984)(ASCII)(JP).rom,37,Flipper Slipper (198,,,,,,,,,,,,
238,Formation Z (1985)(Nippon Dexter)(JP).rom,41,Formation Z (1985)(N,,,,,,,,,,,,
239,Frogger (1983)(Konami)(JP)[RC-704].rom,38,Frogger (1983)(Konam,,,,,,,,,,,,
240,Frontline (1984)(TAITO)(JP).rom,31,Frontline (1984)(TAI,,,,,,,,,,,,
241,Fruit Panic (1984)(Pony Canyon)(JP).rom,39,Fruit Panic (1984)(P,,,,,,,,,,,,
242,Fruit Search (1983)(HAL Laboratory)(JP).rom,43,Fruit Search (1983)(,,,,,,,,,,,,
243,Funky Mouse (1984)(ASCII)(JP).rom,33,Funky Mouse (1984)(A,,,,,,,,,,,,
244,Futbol (1985)(Indescomp)(ES).rom,32,Futbol (1985)(Indesc,,,,,,,,,,,,
245,G.P. World (1985)(Pony Canyon)(JP).rom,38,G.P. World (1985)(Po,,,,,,,,,,,,
246,Galaga (1984)(Namcot)(JP).rom,29,Galaga (1984)(Namcot,,,,,,,,,,,,
247,Galaxian (1984)(Namcot)(JP).rom,31,Galaxian (1984)(Namc,,,,,,,,,,,,
248,Galaxian (1984)(Namcot)(JP)[o2].rom,35,Galaxian (1984)(Namc,,,,,,,,,,,,
249,Gall Force - Defense of Chaos (1986)(Sony)(JP).rom,50,Gall Force - Defense,,,,,,,,,,,,
250,Gambler Jikichushinpa (1988)(Game Arts)(JP).rom,47,Gambler Jikichushinp,,,,,,,,,,,,
251,Game Land (1984)(Casio)(JP).rom,31,Game Land (1984)(Cas,,,,,,,,,,,,
252,Gang Master (1983)(ASCII)(JP).rom,33,Gang Master (1983)(A,,,,,,,,,,,,
253,Genghis Khan (1986)(Koei)(JP).rom,33,Genghis Khan (1986)(,,,,,,,,,,,,
254,Ghostbusters (1985)(Pony Canyon)(JP).rom,40,Ghostbusters (1985)(,,,,,,,,,,,,
255,Glider (1985)(ASCII)(JP).rom,28,Glider (1985)(ASCII),,,,,,,,,,,,
256,Gniffel v2 (2004)(Dioniso).rom,30,Gniffel v2 (2004)(Di,,,,,,,,,,,,
257,Gofer no Yabou Episode II. Nemesis 3 - The Eve of Destruction (1988)(Konami)(JP)[RC-764].rom,92,Gofer no Yabou Episo,,,,,,,,,,,,
258,Gofer no Yabou Episode II. Nemesis 3 - The Eve of Destruction (1988)(Konami)(JP)[SCC][RC-764].rom,97,Gofer no Yabou Episo,,,,,,,,,,,,
259,Gofer no Yabou Episode II. Nemesis 3 - The Eve of Destruction (1988)(Konami)(JP)[t][RC-764].rom,95,Gofer no Yabou Episo,,,,,,,,,,,,
260,Gokiburi Daisakusen. Bug Bomb (1983)(Magic Software)(JP).rom,60,Gokiburi Daisakusen.,,,,,,,,,,,,
261,Golf Game (1983)(ASCII)(JP).rom,31,Golf Game (1983)(ASC,,,,,,,,,,,,
262,Golf Kyou. Hudson 3D Golf. Golf Crazy (1984)(Hudson Soft)(JP).rom,65,Golf Kyou. Hudson 3D,,,,,,,,,,,,
263,Golgo 13 - Okami no Su (1986)(Pony Canyon)(JP).rom,50,Golgo 13 - Okami no ,,,,,,,,,,,,
264,Golvellius (1987)(Compile).rom,30,Golvellius (1987)(Co,,,,,,,,,,,,
265,Gomoku Narabe - Omo Go (1984)(Toshiba-EMI)(JP).rom,50,Gomoku Narabe - Omo ,,,,,,,,,,,,
266,Goonies,7,Goonies,,,,,,,,,,,,
267,Gozira 3D. Godzilla vs 3 Major Monsters (1984)(Bandai)(JP).rom,62,Gozira 3D. Godzilla ,,,,,,,,,,,,
268,Gozira 3D. Godzilla vs 3 Major Monsters (1984)(Bandai)(JP)[h Dino Sourcers].rom,79,Gozira 3D. Godzilla ,,,,,,,,,,,,
269,Gozira Kun. Godzilla (1985)(Toho)(JP).rom,41,Gozira Kun. Godzilla,,,,,,,,,,,,
270,Gradius 2. Nemesis 2 (1987)(Konami)(JP)[RC-751].rom,51,Gradius 2. Nemesis 2,,,,,,,,,,,,
271,Gradius 2. Nemesis 2 (1987)(Konami)(JP)[SCC][RC-751].rom,56,Gradius 2. Nemesis 2,,,,,,,,,,,,
272,Gradius 2. Nemesis 2 (1987)(Konami)(JP)[penguin version][RC-751].rom,68,Gradius 2. Nemesis 2,,,,,,,,,,,,
273,Gradius 2. Nemesis 2 (1987)(Konami)(JP)[t][RC-751].rom,54,Gradius 2. Nemesis 2,,,,,,,,,,,,
274,Gradius 2. Nemesis 2 (1987)(Konami)(beta)[RC-751].rom,53,Gradius 2. Nemesis 2,,,,,,,,,,,,
275,Gradius. Nemesis (1986)(Konami)(JP)[SCC+][RC-742].rom,53,Gradius. Nemesis (19,,,,,,,,,,,,
276,Gradius. Nemesis (1986)(Konami)(JP)[SCC][RC-742].rom,52,Gradius. Nemesis (19,,,,,,,,,,,,
277,Gradius. Nemesis (1986)(Konami)(JP)[t][SCC][RC-742].rom,55,Gradius. Nemesis (19,,,,,,,,,,,,
278,Green Beret (1986)(Konami)(JP).rom,34,Green Beret (1986)(K,,,,,,,,,,,,
279,Green Beret (1987)(Zemina)(KR).rom,34,Green Beret (1987)(Z,,,,,,,,,,,,
280,Griel's Quest for the Sangraal (2005)(Karoshi)[RK709].rom,57,Griel's Quest for th,,,,,,,,,,,,
281,Griel's Quest for the Sangraal EX (2005)(Karoshi)[RK709EX].rom,62,Griel's Quest for th,,,,,,,,,,,,
282,Guardic (1986)(Compile).rom,27,Guardic (1986)(Compi,,,,,,,,,,,,
283,Gulkave (1986)(Pony Canyon)(JP).rom,35,Gulkave (1986)(Pony ,,,,,,,,,,,,
284,Gulkave (1986)(Pony Canyon)(JP)[cr Crack Fm].rom,48,Gulkave (1986)(Pony ,,,,,,,,,,,,
285,Gunfright (1986)(Nippon Dexter)(JP).rom,39,Gunfright (1986)(Nip,,,,,,,,,,,,
286,Gunfright (1986)(Nippon Dexter)(JP)[cr Sammi].rom,49,Gunfright (1986)(Nip,,,,,,,,,,,,
287,Gunfright (1986)(Ultimate Play The Game)(GB).rom,48,Gunfright (1986)(Ult,,,,,,,,,,,,
288,Gunjin Shougi Mars (1986)(Toshiba-EMI)(JP).rom,46,Gunjin Shougi Mars (,,,,,,,,,,,,
289,Guru Logic (2003)(Karoshi)[RK701].rom,37,Guru Logic (2003)(Ka,,,,,,,,,,,,
290,Gyro Adventure (1984)(Nippon Columbia - Colpax - Universal)(JP)[Martos].rom,75,Gyro Adventure (1984,,,,,,,,,,,,
291,Gyrodine (1986)(TAITO)(JP).rom,30,Gyrodine (1986)(TAIT,,,,,,,,,,,,
292,Hadesu no Monshou. The Seal of Hades (1986)(Casio)(JP).rom,58,Hadesu no Monshou. T,,,,,,,,,,,,
293,Haja no Fuin (1987)(Kogado)(JP).rom,35,Haja no Fuin (1987)(,,,,,,,,,,,,
294,Hanafuda (1984)(Toshiba-EMI)(JP).rom,36,Hanafuda (1984)(Tosh,,,,,,,,,,,,
295,Hanafuda Koi Koi - Gostop Godori (1984)(ASCII)(JP).rom,54,Hanafuda Koi Koi - G,,,,,,,,,,,,
296,Hang-On (1986)(Pony Canyon)(JP).rom,35,Hang-On (1986)(Pony ,,,,,,,,,,,,
297,Happy Fret (1985)(Micro Cabin)(JP).rom,38,Happy Fret (1985)(Mi,,,,,,,,,,,,
298,Harapeko Pakkun (1984)(ASCII)(JP).rom,37,Harapeko Pakkun (198,,,,,,,,,,,,
299,Harry Fox MSX Special (1986)(Micro Cabin)(JP).rom,49,Harry Fox MSX Specia,,,,,,,,,,,,
300,Harry Fox Yki no Maoh (1985)(Micro Cabin)(JP).rom,49,Harry Fox Yki no Mao,,,,,,,,,,,,
301,Hayabusa. Moonsweeper (1985)(Toshiba-EMI)(JP).rom,49,Hayabusa. Moonsweepe,,,,,,,,,,,,
302,Head over Heels (1987)(Ocean Software)(GB).rom,46,Head over Heels (198,,,,,,,,,,,,
303,Heavy Boxing (1983)(HAL Laboratory)(JP).rom,43,Heavy Boxing (1983)(,,,,,,,,,,,,
304,Heist,5,Heist,,,,,,,,,,,,
305,Heli Tank (1984)(ASCII)(JP).rom,31,Heli Tank (1984)(ASC,,,,,,,,,,,,
306,High Way Star (1984)(ASCII)(JP).rom,35,High Way Star (1984),,,,,,,,,,,,
307,High Way Star (1984)(Qnix).rom,30,High Way Star (1984),,,,,,,,,,,,
308,Hisha (1985)(Micro Cabin)(JP).rom,33,Hisha (1985)(Micro C,,,,,,,,,,,,
309,Hitsuji Yai. Pretty Sheep (1984)(Hudson Soft)(JP).rom,53,Hitsuji Yai. Pretty ,,,,,,,,,,,,
310,Hole in One (1984)(HAL Laboratory)(JP).rom,42,Hole in One (1984)(H,,,,,,,,,,,,
311,Hole in One Professional (1986)(HAL Laboratory)(JP).rom,55,Hole in One Professi,,,,,,,,,,,,
312,Hole in One Professional (1986)(HAL Laboratory)(JP)[cr Hillsoft].rom,68,Hole in One Professi,,,,,,,,,,,,
313,Hopper (1986)(Al Alamiah)(KW).rom,33,Hopper (1986)(Al Ala,,,,,,,,,,,,
314,Hustle Chumy (1983)(General)(JP).rom,36,Hustle Chumy (1983)(,,,,,,,,,,,,
315,Hydlide (1985)(T&E Soft)(JP).rom,32,Hydlide (1985)(T&E S,,,,,,,,,,,,
316,Hydlide II - Shine of Darkness (1986)(T&E Soft)(JP).rom,55,Hydlide II - Shine o,,,,,,,,,,,,
317,Hydlide III - The Space Memories (1987)(T&E Soft)(JP).rom,57,Hydlide III - The Sp,,,,,,,,,,,,
318,Hydlide III - The Space Memories (1987)(Zemina)(KR).rom,55,Hydlide III - The Sp,,,,,,,,,,,,
319,Hyper Olympic 1 (1984)(Konami)(JP)[RC-710].rom,46,Hyper Olympic 1 (198,,,,,,,,,,,,
320,Hyper Olympic 2 (1984)(Konami)(JP)[RC-711].rom,46,Hyper Olympic 2 (198,,,,,,,,,,,,
321,Hyper Rally (1985)(Konami)(JP)[RC-718].rom,42,Hyper Rally (1985)(K,,,,,,,,,,,,
322,Hyper Rally (1985)(Konami)(JP)[SCC+][RC-718].rom,48,Hyper Rally (1985)(K,,,,,,,,,,,,
323,Hyper Sports 1 (1984)(Konami)(JP)[RC-715].rom,45,Hyper Sports 1 (1984,,,,,,,,,,,,
324,Hyper Sports 2 (1984)(Konami)(JP)[RC-717].rom,45,Hyper Sports 2 (1984,,,,,,,,,,,,
325,Hyper Sports 2 (1984)(Konami)(JP)[SCC+][RC-717].rom,51,Hyper Sports 2 (1984,,,,,,,,,,,,
326,Hyper Sports 2 (1984)(Konami)(JP)[SCC][RC-717].rom,50,Hyper Sports 2 (1984,,,,,,,,,,,,
327,Hyper Sports 3 (1985)(Konami)(JP)[RC-733].rom,45,Hyper Sports 3 (1985,,,,,,,,,,,,
328,Ice World (1985)(Casio)(JP).rom,31,Ice World (1985)(Cas,,,,,,,,,,,,
329,Iga Ninpouten 2. Small Ninja 2 - The Mooncastle (1986)(Casio)(JP).rom,69,Iga Ninpouten 2. Sma,,,,,,,,,,,,
330,Iga Ninpouten. Small Ninja (1985)(Casio)(JP).rom,48,Iga Ninpouten. Small,,,,,,,,,,,,
331,Iligks Episode I - Theseus (1984)(ASCII)(JP).rom,48,Iligks Episode I - T,,,,,,,,,,,,
332,Iligks Episode IV - The Maze of Illegus (1984)(ASCII)(JP).rom,61,Iligks Episode IV - ,,,,,,,,,,,,
333,Indian no Bouken. Indian's Adventure (1984)(Hudson Soft)(JP).rom,64,Indian no Bouken. In,,,,,,,,,,,,
334,Issunhoushi no Donnamondai. Little Samurai (1987)(Casio)(JP).rom,64,Issunhoushi no Donna,,,,,,,,,,,,
335,Issunhoushi no Donnamondai. Little Samurai (1987)(Casio)(JP)[cr Angel].rom,74,Issunhoushi no Donna,,,,,,,,,,,,
336,Issunhoushi no Donnamondai. Little Samurai (1987)(Casio)(JP)[cr Sammi].rom,74,Issunhoushi no Donna,,,,,,,,,,,,
337,J.P. Winkle (1986)(MSX Magazine)(JP).rom,40,J.P. Winkle (1986)(M,,,,,,,,,,,,
338,Jagur (1987)(Hudson Soft)(JP).rom,33,Jagur (1987)(Hudson ,,,,,,,,,,,,
339,Janka (1985)(ASCII)(JP).rom,27,Janka (1985)(ASCII)(,,,,,,,,,,,,
340,Janyu Mahjong (1987)(Tecno Soft)(JP).rom,40,Janyu Mahjong (1987),,,,,,,,,,,,
341,Jet Bomber (1985)(Al Alamiah)(KW).rom,37,Jet Bomber (1985)(Al,,,,,,,,,,,,
342,Jet Set Willy (1985)(Hudson Soft)(JP)(en).rom,45,Jet Set Willy (1985),,,,,,,,,,,,
343,Jet Set Willy (1985)(Software Projects)(GB).rom,47,Jet Set Willy (1985),,,,,,,,,,,,
344,Jigsaw Set (1983)(MIA)(JP).rom,30,Jigsaw Set (1983)(MI,,,,,,,,,,,,
345,Jissen - 4-nin Mahjong. Four Battle Mahjong (1984)(Sony)(JP).rom,64,Jissen - 4-nin Mahjo,,,,,,,,,,,,
346,Jump (1985)(ASCII)(JP).rom,26,Jump (1985)(ASCII)(J,,,,,,,,,,,,
347,Jump Coaster (1984)(Nippon Columbia - Colpax - Universal).rom,61,Jump Coaster (1984)(,,,,,,,,,,,,
348,Jump Coaster (1984)(Nippon Columbia - Colpax - Universal)[o2].rom,65,Jump Coaster (1984)(,,,,,,,,,,,,
349,Jump Land (1985)(Nippon Columbia - Colpax - Universal).rom,58,Jump Land (1985)(Nip,,,,,,,,,,,,
350,Jumping Rabbit (1984)(MIA)(JP).rom,34,Jumping Rabbit (1984,,,,,,,,,,,,
351,Juno First (1983)(Sony)(JP).rom,31,Juno First (1983)(So,,,,,,,,,,,,
352,Juno First (1983)(Sony)(JP)[o2].rom,35,Juno First (1983)(So,,,,,,,,,,,,
353,Juno First (1983)(Sony)(JP)[o3].rom,35,Juno First (1983)(So,,,,,,,,,,,,
354,Jyankyo (1984)(Hudson Soft)(JP).rom,35,Jyankyo (1984)(Hudso,,,,,,,,,,,,
355,Kage no Densetsu. Legend of Kage (1986)(TAITO)(JP).rom,54,Kage no Densetsu. Le,,,,,,,,,,,,
356,Karamaru (1984)(HAL Laboratory)(JP).rom,39,Karamaru (1984)(HAL ,,,,,,,,,,,,
357,Karuizawa Kidnapping Guidance,29,Karuizawa Kidnapping,,,,,,,,,,,,
358,Keiba. The Horse Race (1986)(Champion Soft)(JP).rom,51,Keiba. The Horse Rac,,,,,,,,,,,,
359,Kenja no Ishi. The Stone of Wisdom (1986)(Casio)(JP).rom,56,Kenja no Ishi. The S,,,,,,,,,,,,
360,Keystone Kapers (1984)(Pony Canyon)(JP).rom,43,Keystone Kapers (198,,,,,,,,,,,,
361,Kick It (1986)(Aackosoft)(NL).rom,33,Kick It (1986)(Aacko,,,,,,,,,,,,
362,Kinasai (1984)(-).rom,21,Kinasai (1984)(-).ro,,,,,,,,,,,,
363,King & Balloon (1984)(Namcot)(JP).rom,37,King & Balloon (1984,,,,,,,,,,,,
364,King Leonard (1986)(Mind Games Espana)(ES).rom,46,King Leonard (1986)(,,,,,,,,,,,,
365,King's Knight (1986)(Square)(JP).rom,36,King's Knight (1986),,,,,,,,,,,,
366,King's Valley (1985)(Konami)(JP)[RC-727].rom,44,King's Valley (1985),,,,,,,,,,,,
367,King's Valley (1985)(Konami)(JP)[a4][RC-727].rom,48,King's Valley (1985),,,,,,,,,,,,
368,King's Valley II - The Seal of El Giza (1988)(Konami)(JP)[RC-760].rom,69,King's Valley II - T,,,,,,,,,,,,
369,King's Valley II - The Seal of El Giza (1988)(Konami)(JP)[SCC][RC-760].rom,74,King's Valley II - T,,,,,,,,,,,,
370,Kinnikuman. Muscle Man (1985)(Bandai)(JP).rom,45,Kinnikuman. Muscle M,,,,,,,,,,,,
371,Knight Lore (1985)(Nippon Dexter)(JP).rom,41,Knight Lore (1985)(N,,,,,,,,,,,,
372,Knightmare II - The Maze of Galious (1987)(Konami)(JP)[RC-749].rom,66,Knightmare II - The ,,,,,,,,,,,,
373,Knightmare II - The Maze of Galious (1987)(Zemina)(KR)[RC-749].rom,66,Knightmare II - The ,,,,,,,,,,,,
374,Knightmare III - Shalom (1987)(Konami)(JP)[RC-754].rom,54,Knightmare III - Sha,,,,,,,,,,,,
375,Knightmare III - Shalom (1987)(Konami)(JP)[tr pt R. Bittencourt][RC-754].rom,76,Knightmare III - Sha,,,,,,,,,,,,
376,Knightmare. Majyo Densetsu (1986)(Konami)(JP)[RC-739].rom,57,Knightmare. Majyo De,,,,,,,,,,,,
377,Knightmare. Majyo Densetsu (1986)(Konami)(JP)[SCC+][RC-739].rom,63,Knightmare. Majyo De,,,,,,,,,,,,
378,Knightmare. Majyo Densetsu (1986)(Konami)(JP)[SCC][RC-739].rom,62,Knightmare. Majyo De,,,,,,,,,,,,
379,Kobashi (2004)(Desire in Envy)(NL).rom,38,Kobashi (2004)(Desir,,,,,,,,,,,,
380,Koji Tanigawa's Shougi Shinan (1986)(Pony Canyon)(JP).rom,57,Koji Tanigawa's Shou,,,,,,,,,,,,
381,Konami's Baseball (1984)(Konami)(JP)[RC-724].rom,48,Konami's Baseball (1,,,,,,,,,,,,
382,Konami's Billiards (1984)(Konami)(JP)[RC-706].rom,49,Konami's Billiards (,,,,,,,,,,,,
383,Konami's Boxing (1985)(Konami)(JP)[RC-736].rom,46,Konami's Boxing (198,,,,,,,,,,,,
384,Konami's Boxing (1985)(Konami)(JP)[SCC+][RC-736].rom,52,Konami's Boxing (198,,,,,,,,,,,,
385,Konami's Boxing (1985)(Konami)(JP)[SCC][RC-736].rom,51,Konami's Boxing (198,,,,,,,,,,,,
386,Konami's Football (1985)(Konami)(JP)[RC-732].rom,48,Konami's Football (1,,,,,,,,,,,,
387,Konami's Golf (1985)(Konami)(JP)[RC-723].rom,44,Konami's Golf (1985),,,,,,,,,,,,
388,Konami's Mahjong Dojo (1984)(Konami)(JP)[RC-707].rom,52,Konami's Mahjong Doj,,,,,,,,,,,,
389,Konami's Ping Pong (1985)(Konami)(JP)[RC-731].rom,49,Konami's Ping Pong (,,,,,,,,,,,,
390,Konami's Pooyan (1985)(Hudson Soft)(JP).rom,43,Konami's Pooyan (198,,,,,,,,,,,,
391,Konami's Soccer (1985)(Konami)(JP)[RC-732].rom,46,Konami's Soccer (198,,,,,,,,,,,,
392,Konami's Tennis (1984)(Konami)(JP)[RC-720].rom,46,Konami's Tennis (198,,,,,,,,,,,,
393,Konami's Tennis (1984)(Konami)(JP)[cr Prosoft][RC-720].rom,58,Konami's Tennis (198,,,,,,,,,,,,
394,Koneko no Daibouken. Kitty's Great Adventure. Catboy (1986)(Casio)(JP).rom,74,Koneko no Daibouken.,,,,,,,,,,,,
395,Kralizec 8k Tetris (2004)(Kralizec)(ES).rom,43,Kralizec 8k Tetris (,,,,,,,,,,,,
396,Kralizec Battle Tetris (2004)(Kralizec)(ES).rom,47,Kralizec Battle Tetr,,,,,,,,,,,,
397,Kralizec Tetris (2005)(Kralizec)(ES).rom,40,Kralizec Tetris (200,,,,,,,,,,,,
398,Kung Fu Master (1984)(ASCII)(JP).rom,36,Kung Fu Master (1984,,,,,,,,,,,,
399,Kung-Fu Thai Kun. Isao Lord (1985)(Toshiba-EMI)(JP).rom,55,Kung-Fu Thai Kun. Is,,,,,,,,,,,,
400,Kung-Fu Thai Kun. Isao Lord (1985)(Toshiba-EMI)(JP)[cr Claus].rom,65,Kung-Fu Thai Kun. Is,,,,,,,,,,,,
401,Ladder Building (1984)(ASCII)(JP).rom,37,Ladder Building (198,,,,,,,,,,,,
402,Laptick 2 (1986)(dB-Soft)(JP).rom,33,Laptick 2 (1986)(dB-,,,,,,,,,,,,
403,Laptick 2 (1986)(dB-Soft)(JP)[cr Flash].rom,43,Laptick 2 (1986)(dB-,,,,,,,,,,,,
404,Le Mans 2 (1985)(Electric Software)(GB).rom,43,Le Mans 2 (1985)(Ele,,,,,,,,,,,,
405,Legendly Knight (1988)(Topia)(KR).rom,37,Legendly Knight (198,,,,,,,,,,,,
406,Light Corridor,14,Light Corridor,,,,,,,,,,,,
407,Lode Run (2005)(AGsoftware).rom,31,Lode Run (2005)(AGso,,,,,,,,,,,,
408,Lode Runner (1984)(Sony)(JP).rom,32,Lode Runner (1984)(S,,,,,,,,,,,,
409,Lode Runner II (1985)(Sony)(JP).rom,35,Lode Runner II (1985,,,,,,,,,,,,
410,Lord Over (1983)(ASCII)(JP).rom,31,Lord Over (1983)(ASC,,,,,,,,,,,,
411,Lot Lot (1985)(Technopolis Soft)(JP).rom,40,Lot Lot (1985)(Techn,,,,,,,,,,,,
412,Lunar Ball (1985)(Pony Canyon)(JP).rom,38,Lunar Ball (1985)(Po,,,,,,,,,,,,
413,MSX Baseball (1984)(Panasoft)(JP).rom,37,MSX Baseball (1984)(,,,,,,,,,,,,
414,MSX Baseball II (1986)(Panasoft)(JP).rom,40,MSX Baseball II (198,,,,,,,,,,,,
415,MSX Derby (1983)(ASCII)(JP).rom,31,MSX Derby (1983)(ASC,,,,,,,,,,,,
416,MSX Rugby (1985)(Panasoft)(JP).rom,34,MSX Rugby (1985)(Pan,,,,,,,,,,,,
417,MSX Shougi Game (1985)(Sony)(JP).rom,36,MSX Shougi Game (198,,,,,,,,,,,,
418,MSX Soccer (1985)(Panasoft)(JP).rom,35,MSX Soccer (1985)(Pa,,,,,,,,,,,,
419,MSX-21 (1983)(ASCII)(JP).rom,28,MSX-21 (1983)(ASCII),,,,,,,,,,,,
420,Mac Attack (1986)(Al Alamiah)(KW).rom,37,Mac Attack (1986)(Al,,,,,,,,,,,,
421,Machinegun Joe vs the Mafia (1984)(Hudson Soft)(JP).rom,55,Machinegun Joe vs th,,,,,,,,,,,,
422,Macross Countdown (1985)(Bothtec)(JP).rom,41,Macross Countdown (1,,,,,,,,,,,,
423,Magical Kid Wiz (1986)(Sony)(JP).rom,36,Magical Kid Wiz (198,,,,,,,,,,,,
424,Magical Stones (2005)(Dioniso).rom,34,Magical Stones (2005,,,,,,,,,,,,
425,Magical Stones 8k (2005)(Dioniso).rom,37,Magical Stones 8k (2,,,,,,,,,,,,
426,Magical Tree (1984)(Konami)(JP)[RC-713].rom,43,Magical Tree (1984)(,,,,,,,,,,,,
427,Magical Tree (1984)(Konami)(JP)[cr Magicalsoft][RC-713].rom,59,Magical Tree (1984)(,,,,,,,,,,,,
428,Magunam. Kiki Ippatsu. Magnum Prohibition 1931 (1988)(Toshiba-EMI)(JP).rom,74,Magunam. Kiki Ippats,,,,,,,,,,,,
429,Mahjong Friend (1984)(Taito)(JP).rom,36,Mahjong Friend (1984,,,,,,,,,,,,
430,Manes (1984)(ASCII)(JP).rom,27,Manes (1984)(ASCII)(,,,,,,,,,,,,
431,Manicomio (2005)(Crappysoft)(ES).rom,36,Manicomio (2005)(Cra,,,,,,,,,,,,
432,Mansion,7,Mansion,,,,,,,,,,,,
433,Mansion,7,Mansion,,,,,,,,,,,,
434,Mappy (1984)(Namcot)(JP).rom,28,Mappy (1984)(Namcot),,,,,,,,,,,,
435,Marchen Veil (1986)(System Sacom)(JP).rom,41,Marchen Veil (1986)(,,,,,,,,,,,,
436,Marine Battle (1983)(ASCII)(JP).rom,35,Marine Battle (1983),,,,,,,,,,,,
437,Mars II (1990)(Nagi-P Soft).rom,31,Mars II (1990)(Nagi-,,,,,,,,,,,,
438,Mars Lander (2006)(Crappysoft).rom,34,Mars Lander (2006)(C,,,,,,,,,,,,
439,Mashou no Yakata Gabalin. Goblin (1987)(Pony Canyon)(JP).rom,60,Mashou no Yakata Gab,,,,,,,,,,,,
440,Mayhem (1985)(Mr. Micro)(GB)[cr Magicracks].rom,47,Mayhem (1985)(Mr. Mi,,,,,,,,,,,,
441,Maze Attack (1983)(HAL Laboratory)(JP).rom,42,Maze Attack (1983)(H,,,,,,,,,,,,
442,Megalopolis SOS (1983)(General)(JP).rom,39,Megalopolis SOS (198,,,,,,,,,,,,
443,Meikyuu no Tobira. Gate of Labyrinth (1987)(Radio Wave Newspaper Publisher)(JP).rom,83,Meikyuu no Tobira. G,,,,,,,,,,,,
444,Midnight Brothers (1986)(Sony)(JP).rom,38,Midnight Brothers (1,,,,,,,,,,,,
445,Midnight Building (1984)(ASCII)(JP).rom,39,Midnight Building (1,,,,,,,,,,,,
446,Midway (1983)(Magic Software)(JP)[yellow bckgrnd welcome screen].rom,68,Midway (1983)(Magic ,,,,,,,,,,,,
447,Mil Caras (1985)(Idealogic)(ES).rom,35,Mil Caras (1985)(Ide,,,,,,,,,,,,
448,Mini Golf (1985)(Namcot)(JP).rom,32,Mini Golf (1985)(Nam,,,,,,,,,,,,
449,Mirai. Future (1987)(Xain)(JP).rom,34,Mirai. Future (1987),,,,,,,,,,,,
450,Mitsume ga Tooru. The Three-Eyed One Comes Here (1989)(Natsume)(JP).rom,71,Mitsume ga Tooru. Th,,,,,,,,,,,,
451,Mo-Karimakka. Bochibochidenna Sport (1986)(Leben Pro)(JP).rom,61,Mo-Karimakka. Bochib,,,,,,,,,,,,
452,Mo-Karimakka. Bochibochidenna Sport (1986)(Leben Pro)(JP)[cr Canal Cracker].rom,79,Mo-Karimakka. Bochib,,,,,,,,,,,,
453,Moai no Hihou. Secret Treasure of Moai (1986)(Casio)(JP).rom,60,Moai no Hihou. Secre,,,,,,,,,,,,
454,Moai no Hihou. Secret Treasure of Moai (1986)(Casio)(JP)[cr Static Soft].rom,76,Moai no Hihou. Secre,,,,,,,,,,,,
455,Mobile Planet Stylus - Approach from the Westgate (1986)(HAL Laboratory)(JP).rom,80,Mobile Planet Stylus,,,,,,,,,,,,
456,Mobile Suit Gundam (1984)(Bandai)(JP).rom,41,Mobile Suit Gundam (,,,,,,,,,,,,
457,Mole (1983)(ASCII)(JP).rom,26,Mole (1983)(ASCII)(J,,,,,,,,,,,,
458,Mole Mole (1985)(Victor)(JP)[tr pt].rom,39,Mole Mole (1985)(Vic,,,,,,,,,,,,
459,Mole Mole 2 (1987)(Victor)(JP).rom,34,Mole Mole 2 (1987)(V,,,,,,,,,,,,
460,Monogatari Megami Tensei. Digital Devil Story (1987)(Telenet Japan)(JP).rom,75,Monogatari Megami Te,,,,,,,,,,,,
461,Monster's Fair (1984)(Toho)(JP).rom,35,Monster's Fair (1984,,,,,,,,,,,,
462,Moon Landing (1983)(ASCII)(JP).rom,34,Moon Landing (1983)(,,,,,,,,,,,,
463,Moon Patrol (1984)(IREM)(JP).rom,32,Moon Patrol (1984)(I,,,,,,,,,,,,
464,Moon Patrol (1984)(IREM)(JP)[cr Prosoft].rom,44,Moon Patrol (1984)(I,,,,,,,,,,,,
465,Mopi Ranger (1985)(Konami)(JP)[RC-728].rom,42,Mopi Ranger (1985)(K,,,,,,,,,,,,
466,Mopi Ranger (1985)(Konami)(JP)[a4][RC-728].rom,46,Mopi Ranger (1985)(K,,,,,,,,,,,,
467,Morita Kazurou no Othello (1986)(Toshiba-EMI)(JP).rom,53,Morita Kazurou no Ot,,,,,,,,,,,,
468,Mouser (1983)(Sony)(JP).rom,27,Mouser (1983)(Sony)(,,,,,,,,,,,,
469,Mr. Chef & the Sausages (2004)(Paxanga Soft).rom,48,Mr. Chef & the Sausa,,,,,,,,,,,,
470,Mr. Chin (1984)(HAL Laboratory)(JP).rom,39,Mr. Chin (1984)(HAL ,,,,,,,,,,,,
471,Mr. Chin (1984)(HAL Laboratory)(JP)[o2].rom,43,Mr. Chin (1984)(HAL ,,,,,,,,,,,,
472,Mr. Do! (1984)(Nippon Columbia - Colpax - Universal).rom,56,Mr. Do! (1984)(Nippo,,,,,,,,,,,,
473,Mr. Do! vs Unicorns (1984)(Sony)(JP).rom,40,Mr. Do! vs Unicorns ,,,,,,,,,,,,
474,Mr. Do's Wildride (1985)(Nippon Columbia - Colpax - Universal).rom,66,Mr. Do's Wildride (1,,,,,,,,,,,,
475,Mr. Do's Wildride (1985)(Nippon Columbia - Colpax - Universal)[cr Angel].rom,76,Mr. Do's Wildride (1,,,,,,,,,,,,
476,Namake's Bridgedrome (2005)(Buresto Faiya).rom,46,Namake's Bridgedrome,,,,,,,,,,,,
477,Nausicaa (1984)(Technopolis Soft)(JP)[press LSHIFT at boot].rom,63,Nausicaa (1984)(Tech,,,,,,,,,,,,
478,Nessen Koushiyen. Exciting Baseball (1984)(Casio)(JP).rom,57,Nessen Koushiyen. Ex,,,,,,,,,,,,
479,New Bubble Bobble. Boggle Boggle (1988)(Zemina)(KR).rom,55,New Bubble Bobble. B,,,,,,,,,,,,
480,Nightshade (1985)(Nippon Dexter)(JP).rom,40,Nightshade (1985)(Ni,,,,,,,,,,,,
481,Nightshade (1985)(Ultimate Play The Game)(GB).rom,49,Nightshade (1985)(Ul,,,,,,,,,,,,
482,Ningyo Densetsu. Fathom (1985)(Toshiba-EMI)(JP).rom,51,Ningyo Densetsu. Fat,,,,,,,,,,,,
483,Ninja Jaja Maru Kun (1986)(Nippon Dexter)(JP).rom,49,Ninja Jaja Maru Kun ,,,,,,,,,,,,
484,Ninja Jaja Maru Kun (1986)(Nippon Dexter)(JP)[cr Prosoft].rom,61,Ninja Jaja Maru Kun ,,,,,,,,,,,,
485,Ninja Kun (1983)(Micro Cabin)(JP).rom,37,Ninja Kun (1983)(Mic,,,,,,,,,,,,
486,Ninja Kun. Majyo no Bouken (1985)(Nippon Dexter)(JP).rom,56,Ninja Kun. Majyo no ,,,,,,,,,,,,
487,Ninja Princess (1986)(Pony Canyon)(JP).rom,42,Ninja Princess (1986,,,,,,,,,,,,
488,Ninjya Kage (1984)(Hudson Soft)(JP).rom,39,Ninjya Kage (1984)(H,,,,,,,,,,,,
489,Nobunaga no Yabou - Zenkoku Han (1987)(Koei)(JP).rom,52,Nobunaga no Yabou - ,,,,,,,,,,,,
490,Norseman (1984)(Electric Software)(GB).rom,42,Norseman (1984)(Elec,,,,,,,,,,,,
491,Nyan Nyan Pro Wrestling (1986)(Victor)(JP).rom,46,Nyan Nyan Pro Wrestl,,,,,,,,,,,,
492,Nyorols (1983)(MIA)(JP).rom,27,Nyorols (1983)(MIA)(,,,,,,,,,,,,
493,O'Mac Farmer (1984)(ASCII)(JP).rom,34,O'Mac Farmer (1984)(,,,,,,,,,,,,
494,Oil's Well (1985)(Comptiq)(JP).rom,34,Oil's Well (1985)(Co,,,,,,,,,,,,
495,Othello (1985)(Pony Canyon)(JP).rom,35,Othello (1985)(Pony ,,,,,,,,,,,,
496,Pac-Man (1984)(Namcot)(JP).rom,30,Pac-Man (1984)(Namco,,,,,,,,,,,,
497,Pachicom (1985)(Toshiba-EMI)(JP).rom,36,Pachicom (1985)(Tosh,,,,,,,,,,,,
498,Pachicom (1985)(Toshiba-EMI)(JP)[cr Boram Soft].rom,51,Pachicom (1985)(Tosh,,,,,,,,,,,,
499,Pachinko - U.F.O. (1984)(Casio)(JP).rom,39,Pachinko - U.F.O. (1,,,,,,,,,,,,
500,Pai Panic (1983)(ASCII)(JP).rom,31,Pai Panic (1983)(ASC,,,,,,,,,,,,
501,Pair Logic (2005)(AGsoftware).rom,33,Pair Logic (2005)(AG,,,,,,,,,,,,
502,Pairs (1983)(ASCII)(JP).rom,27,Pairs (1983)(ASCII)(,,,,,,,,,,,,
503,Panther (1986)(IREM)(JP).rom,28,Panther (1986)(IREM),,,,,,,,,,,,
504,Parachuteless Joe (2005)(Paxanga Soft).rom,42,Parachuteless Joe (2,,,,,,,,,,,,
505,Parodius - Tako Saves Earth (1988)(Konami)(JP)[RC-759].rom,58,Parodius - Tako Save,,,,,,,,,,,,
506,Parodius - Tako Saves Earth (1988)(Konami)(JP)[SCC][RC-759].rom,63,Parodius - Tako Save,,,,,,,,,,,,
507,Parodius - Tako Saves Earth (1988)(Konami)(JP)[t][RC-759].rom,61,Parodius - Tako Save,,,,,,,,,,,,
508,Pass Ball (1983)(ASCII)(JP).rom,31,Pass Ball (1983)(ASC,,,,,,,,,,,,
509,Pastfinder (1984)(Pony Canyon)(JP).rom,38,Pastfinder (1984)(Po,,,,,,,,,,,,
510,Payload (1985)(Sony)(JP).rom,28,Payload (1985)(Sony),,,,,,,,,,,,
511,Peetan (1984)(Nippon Columbia - Colpax - Universal).rom,55,Peetan (1984)(Nippon,,,,,,,,,,,,
512,Pegasus (1988)(Victor)(JP).rom,30,Pegasus (1988)(Victo,,,,,,,,,,,,
513,Pegasus (1988)(Victor)(JP)[cr Prosoft].rom,42,Pegasus (1988)(Victo,,,,,,,,,,,,
514,Penguin Kun Wars (1985)(ASCII)(JP).rom,38,Penguin Kun Wars (19,,,,,,,,,,,,
515,Penguin Kun Wars (1985)(ASCII)(JP)[cr Prosoft].rom,50,Penguin Kun Wars (19,,,,,,,,,,,,
516,Penguin Kun Wars (1985)(ASCII)(JP)[tr pt].rom,45,Penguin Kun Wars (19,,,,,,,,,,,,
517,Penguin Race (2003)(Dioniso).rom,32,Penguin Race (2003)(,,,,,,,,,,,,
518,Pico Pico (1983)(Micro Cabin)(JP).rom,37,Pico Pico (1983)(Mic,,,,,,,,,,,,
519,Pico Pico (1983)(Micro Cabin)(JP)[tr pt Daniel].rom,51,Pico Pico (1983)(Mic,,,,,,,,,,,,
520,Picture Puzzle (1983)(HAL Laboratory)(JP).rom,45,Picture Puzzle (1983,,,,,,,,,,,,
521,Picture Puzzle v2 (2004)(Karoshi)[RK706].rom,44,Picture Puzzle v2 (2,,,,,,,,,,,,
522,Pinball Blaster (1988)(Eurosoft)(NL).rom,40,Pinball Blaster (198,,,,,,,,,,,,
523,Pinball Maker. Ball Blitz (1985)(Nippon Columbia - Colpax - Universal).rom,74,Pinball Maker. Ball ,,,,,,,,,,,,
524,Pine Applin (1984)(Canon Sale)(JP).rom,38,Pine Applin (1984)(C,,,,,,,,,,,,
525,Pinky Chase (1984)(Nippon Columbia - Colpax - Universal).rom,60,Pinky Chase (1984)(N,,,,,,,,,,,,
526,Pipi (1985)(Nippon Dexter)(JP).rom,34,Pipi (1985)(Nippon D,,,,,,,,,,,,
527,Pippols (1985)(Konami)(JP)[RC-729].rom,38,Pippols (1985)(Konam,,,,,,,,,,,,
528,Pippols (1985)(Konami)(JP)[SCC+][RC-729].rom,44,Pippols (1985)(Konam,,,,,,,,,,,,
529,Pitfall (1984)(Pony Canyon)(JP).rom,35,Pitfall (1984)(Pony ,,,,,,,,,,,,
530,Pitfall II - Lost Caverns (1985)(Pony Canyon)(JP).rom,53,Pitfall II - Lost Ca,,,,,,,,,,,,
531,Play Ball (1986)(Sony)(JP).rom,30,Play Ball (1986)(Son,,,,,,,,,,,,
532,Poiny X Senryo Sakusen - Operation Thanksgiving (1986)(Victor)(JP)[press LSHIFT at boot].rom,92,Poiny X Senryo Sakus,,,,,,,,,,,,
533,Police Story,12,Police Story,,,,,,,,,,,,
534,Poppaq the Fish (1986)(ASCII)(JP).rom,37,Poppaq the Fish (198,,,,,,,,,,,,
535,Poppaq the Fish (1986)(ASCII)(JP)[cr Boram Soft].rom,52,Poppaq the Fish (198,,,,,,,,,,,,
536,Professional Baseball (1986)(Technopolis Soft)(JP).rom,54,Professional Basebal,,,,,,,,,,,,
537,Professional Mahjong v2.2 (1986)(Chatnoir)(JP).rom,50,Professional Mahjong,,,,,,,,,,,,
538,Protector,9,Protector,,,,,,,,,,,,
539,Protector,9,Protector,,,,,,,,,,,,
540,Punchy (1984)(Mr. Micro)(GB).rom,32,Punchy (1984)(Mr. Mi,,,,,,,,,,,,
541,Puzzle Panic (1986)(System Soft)(JP).rom,40,Puzzle Panic (1986)(,,,,,,,,,,,,
542,Pyramid Warp (1983)(T&E Soft)(JP).rom,37,Pyramid Warp (1983)(,,,,,,,,,,,,
543,Q-Bert (1986)(Konami)(JP)[RC-746].rom,37,Q-Bert (1986)(Konami,,,,,,,,,,,,
544,Queen's Golf (1984)(ASCII)(JP).rom,34,Queen's Golf (1984)(,,,,,,,,,,,,
545,R-Type (1988)(IREM)(JP).rom,27,R-Type (1988)(IREM)(,,,,,,,,,,,,
546,R-Type v2 (1988)(IREM)(JP).rom,30,R-Type v2 (1988)(IRE,,,,,,,,,,,,
547,Raid on Bungeling Bay (1985)(Sony)(JP).rom,42,Raid on Bungeling Ba,,,,,,,,,,,,
548,Rally-X (1984)(Namcot)(JP).rom,30,Rally-X (1984)(Namco,,,,,,,,,,,,
549,Rambo (1985)(Pack In Video)(JP).rom,35,Rambo (1985)(Pack In,,,,,,,,,,,,
550,Rambo (1985)(Pack In Video)(JP)[h R. Bittencourt][t +2].rom,59,Rambo (1985)(Pack In,,,,,,,,,,,,
551,Real Tennis (1983)(HAL Laboratory)(JP).rom,42,Real Tennis (1983)(H,,,,,,,,,,,,
552,Red Zone (1985)(ASCII)(JP).rom,30,Red Zone (1985)(ASCI,,,,,,,,,,,,
553,Relics (1986)(Bothtec)(JP).rom,30,Relics (1986)(Bothte,,,,,,,,,,,,
554,Renju & Ojama Dogs (1985)(Pony Canyon)(JP).rom,46,Renju & Ojama Dogs (,,,,,,,,,,,,
555,Rise Out from Dungeons (1983)(ASCII)(JP).rom,44,Rise Out from Dungeo,,,,,,,,,,,,
556,River Raid (1984)(Pony Canyon)(JP).rom,38,River Raid (1984)(Po,,,,,,,,,,,,
557,Road Fighter (1985)(Konami)(JP)[RC-730].rom,43,Road Fighter (1985)(,,,,,,,,,,,,
558,Road Fighter (1985)(Konami)(JP)[SCC+][RC-730].rom,49,Road Fighter (1985)(,,,,,,,,,,,,
559,Robofrog (1985)(ASCII)(JP).rom,30,Robofrog (1985)(ASCI,,,,,,,,,,,,
560,Robowres 2001 (1987)(Micronet)(JP).rom,38,Robowres 2001 (1987),,,,,,,,,,,,
561,Rock 'n Bolt (1985)(Pony Canyon)(JP).rom,40,Rock 'n Bolt (1985)(,,,,,,,,,,,,
562,Roger Rubbish (1985)(Spectravideo)(GB).rom,42,Roger Rubbish (1985),,,,,,,,,,,,
563,Roller Ball (1984)(HAL Laboratory)(JP).rom,42,Roller Ball (1984)(H,,,,,,,,,,,,
564,Rotors (1984)(ASCII)(JP).rom,28,Rotors (1984)(ASCII),,,,,,,,,,,,
565,Saimazoom (2005)(Karoshi)[RK708EN].rom,38,Saimazoom (2005)(Kar,,,,,,,,,,,,
566,Saimazoom (2005)(Karoshi)[RK708].rom,36,Saimazoom (2005)(Kar,,,,,,,,,,,,
567,Salamander - Operation X (1987)(Konami)(JP)[RC-758].rom,55,Salamander - Operati,,,,,,,,,,,,
568,Salamander - Operation X (1987)(Konami)(JP)[SCC][RC-758].rom,60,Salamander - Operati,,,,,,,,,,,,
569,Salamander - Operation X (1987)(Konami)(JP)[t][RC-758].rom,58,Salamander - Operati,,,,,,,,,,,,
570,Salamander - Operation X (1988)(Zemina)(KR)[RC-758].rom,55,Salamander - Operati,,,,,,,,,,,,
571,Sangokushi. Romance of Three Kingdoms (1986)(Koei)(JP).rom,58,Sangokushi. Romance ,,,,,,,,,,,,
572,Sasa (1983)(ASCII)(JP).rom,26,Sasa (1983)(ASCII)(J,,,,,,,,,,,,
573,Saurusland (1982)(Nippon Columbia - Colpax - Universal).rom,59,Saurusland (1982)(Ni,,,,,,,,,,,,
574,Scarlet 7 (1986)(Toshiba-EMI)(JP).rom,37,Scarlet 7 (1986)(Tos,,,,,,,,,,,,
575,Scarlet 7 (1986)(Toshiba-EMI)(JP)[cr Crack FM].rom,50,Scarlet 7 (1986)(Tos,,,,,,,,,,,,
576,Scion (1985)(Sony)(JP).rom,26,Scion (1985)(Sony)(J,,,,,,,,,,,,
577,Scope On - Fight in Space (1983)(ASCII)(JP).rom,47,Scope On - Fight in ,,,,,,,,,,,,
578,Scramble Eggs (1983)(Ample Software)(JP).rom,44,Scramble Eggs (1983),,,,,,,,,,,,
579,Sea Hunter (1985)(Spectravideo)(GB).rom,39,Sea Hunter (1985)(Sp,,,,,,,,,,,,
580,Seiken Acho. Kung-Fu Master Taekwondo (1985)(Irem - ASCII)(JP).rom,66,Seiken Acho. Kung-Fu,,,,,,,,,,,,
581,Seiken Acho. Kung-Fu Master Taekwondo (1985)(Irem - ASCII)(JP)[tr pt EngeSoft].rom,82,Seiken Acho. Kung-Fu,,,,,,,,,,,,
582,Seleniak (2004)(Guzuta Raster Leisure).rom,42,Seleniak (2004)(Guzu,,,,,,,,,,,,
583,Seleniak vM1 (2004)(Guzuta Raster Leisure).rom,46,Seleniak vM1 (2004)(,,,,,,,,,,,,
584,Senjyo (1984)(Sony)(JP).rom,27,Senjyo (1984)(Sony)(,,,,,,,,,,,,
585,Senjyo no Ookami. Wolf's Battlefield. Commando (1987)(ASCII)(JP).rom,68,Senjyo no Ookami. Wo,,,,,,,,,,,,
586,Sewer Sam (1984)(Toshiba-EMI)(JP).rom,37,Sewer Sam (1984)(Tos,,,,,,,,,,,,
587,Shindobaddo Nanatsu no Bouken. The Seven Adventures of Sindbad (1986)(Casio)(JP).rom,84,Shindobaddo Nanatsu ,,,,,,,,,,,,
588,Shougi (1985)(Micro Cabin)(JP).rom,34,Shougi (1985)(Micro ,,,,,,,,,,,,
589,Shougi (1986)(Pony Canyon)(JP).rom,34,Shougi (1986)(Pony C,,,,,,,,,,,,
590,Shougi Meijin (1985)(Toshiba-EMI)(JP).rom,41,Shougi Meijin (1985),,,,,,,,,,,,
591,Shout Match (1987)(Victor)(JP).rom,34,Shout Match (1987)(V,,,,,,,,,,,,
592,Sink King (2004)(Guzuta Raster Leisure).rom,43,Sink King (2004)(Guz,,,,,,,,,,,,
593,Ski Command (1984)(Casio)(JP).rom,33,Ski Command (1984)(C,,,,,,,,,,,,
594,Ski Command (1984)(Casio)(JP)[t].rom,36,Ski Command (1984)(C,,,,,,,,,,,,
595,Skooter (1987)(Al Alamiah)(KW).rom,34,Skooter (1987)(Al Al,,,,,,,,,,,,
596,Skooter (1987)(Pony Canyon)(JP).rom,35,Skooter (1987)(Pony ,,,,,,,,,,,,
597,Sky Jaguar (1984)(Konami)(JP)[RC-721].rom,41,Sky Jaguar (1984)(Ko,,,,,,,,,,,,
598,Sky Jaguar (1984)(Konami)(JP)[SCC+][RC-721].rom,47,Sky Jaguar (1984)(Ko,,,,,,,,,,,,
599,Skygaldo (1986)(Magical Zoo)(JP).rom,36,Skygaldo (1986)(Magi,,,,,,,,,,,,
600,Skygaldo (1986)(Magical Zoo)(JP)[cr Sammi].rom,46,Skygaldo (1986)(Magi,,,,,,,,,,,,
601,Slapshot. Hockey sobre hielo (1985)(Indescomp)(ES)(en).rom,58,Slapshot. Hockey sob,,,,,,,,,,,,
602,Slapshot. Hockey sobre hielo (1985)(Indescomp)(ES)(en)[cr Philippe Vanheule].rom,80,Slapshot. Hockey sob,,,,,,,,,,,,
603,Snail Maze (2004)(Karoshi)[RK702].rom,37,Snail Maze (2004)(Ka,,,,,,,,,,,,
604,Snake It (1986)(Al Alamiah)(KW).rom,35,Snake It (1986)(Al A,,,,,,,,,,,,
605,Snoopy Town (2005)(AGsoftware).rom,34,Snoopy Town (2005)(A,,,,,,,,,,,,
606,Snow Climber (2003)(Desire in Envy).rom,39,Snow Climber (2003)(,,,,,,,,,,,,
607,Sofia (1988)(Radio Wave Newspaper Publisher)(JP).rom,52,Sofia (1988)(Radio W,,,,,,,,,,,,
608,Soukoban (1984)(ASCII)(JP).rom,30,Soukoban (1984)(ASCI,,,,,,,,,,,,
609,Soukoban (1984)(Qnix).rom,25,Soukoban (1984)(Qnix,,,,,,,,,,,,
610,Soukoban Pocket Edition (2004)(Karoshi)[RK704].rom,50,Soukoban Pocket Edit,,,,,,,,,,,,
611,Space Camp (1986)(Pack In Video)(JP).rom,40,Space Camp (1986)(Pa,,,,,,,,,,,,
612,Space Crussader (2005)(Yermani Soft)(ES).rom,44,Space Crussader (200,,,,,,,,,,,,
613,Space Crussader (2005)(Yermani Soft).rom,40,Space Crussader (200,,,,,,,,,,,,
614,Space Invaders (1985)(TAITO)(JP).rom,36,Space Invaders (1985,,,,,,,,,,,,
615,Space Trouble (1984)(HAL Laboratory)(JP).rom,44,Space Trouble (1984),,,,,,,,,,,,
616,Space Walk (1985)(Mastertronic)(GB).rom,39,Space Walk (1985)(Ma,,,,,,,,,,,,
617,Sparkie (1983)(Sony)(JP).rom,28,Sparkie (1983)(Sony),,,,,,,,,,,,
618,Sparkie (1983)(Sony)(JP)[o2].rom,32,Sparkie (1983)(Sony),,,,,,,,,,,,
619,Spelunker (1986)(Broderbund).rom,32,Spelunker (1986)(Bro,,,,,,,,,,,,
620,Spider,6,Spider,,,,,,,,,,,,
621,Spy vs Spy II - The Island Caper (1987)(Databyte).rom,53,Spy vs Spy II - The ,,,,,,,,,,,,
622,Square Dancer (1984)(Toshiba-EMI)(JP).rom,41,Square Dancer (1984),,,,,,,,,,,,
623,Squish'em (1984)(ASCII)(JP).rom,31,Squish'em (1984)(ASC,,,,,,,,,,,,
624,Star Blazer (1985)(Sony)(JP).rom,32,Star Blazer (1985)(S,,,,,,,,,,,,
625,Star Command (1983)(ASCII)(JP).rom,34,Star Command (1983)(,,,,,,,,,,,,
626,Star Force (1985)(Hudson Soft)(JP).rom,38,Star Force (1985)(Hu,,,,,,,,,,,,
627,Star Soldier (1986)(Hudson Soft)(JP).rom,40,Star Soldier (1986)(,,,,,,,,,,,,
628,Star Soldier (1986)(Hudson Soft)(JP)[cr Turbo Soft].rom,55,Star Soldier (1986)(,,,,,,,,,,,,
629,Starship Simulator (1984)(ASCII)(JP).rom,40,Starship Simulator (,,,,,,,,,,,,
630,Step Up (1983)(HAL Laboratory)(JP).rom,38,Step Up (1983)(HAL L,,,,,,,,,,,,
631,Stepper (1985)(ASCII)(JP).rom,29,Stepper (1985)(ASCII,,,,,,,,,,,,
632,Strangeloop (1987)(Nippon Dexter)(JP).rom,41,Strangeloop (1987)(N,,,,,,,,,,,,
633,Stratos v3 (2004)(CEZ Games Studio)(ES).rom,43,Stratos v3 (2004)(CE,,,,,,,,,,,,
634,Suparobo (1984)(ASCII)(JP).rom,30,Suparobo (1984)(ASCI,,,,,,,,,,,,
635,Super Billiards (1983)(HAL Laboratory)(JP).rom,46,Super Billiards (198,,,,,,,,,,,,
636,Super Boy II (1989)(Zemina)(KR).rom,35,Super Boy II (1989)(,,,,,,,,,,,,
637,Super Boy III (1991)(Zemina)(KR).rom,36,Super Boy III (1991),,,,,,,,,,,,
638,Super Bubble Bobble (1988)(Zemina)(KR).rom,42,Super Bubble Bobble ,,,,,,,,,,,,
639,Super Cobra (1983)(Konami)(JP)[RC-705].rom,42,Super Cobra (1983)(K,,,,,,,,,,,,
640,Super Cobra (1983)(Konami)(JP)[SCC+][RC-705].rom,48,Super Cobra (1983)(K,,,,,,,,,,,,
641,Super Cobra (1983)(Konami)(JP)[SCC][RC-705].rom,47,Super Cobra (1983)(K,,,,,,,,,,,,
642,Super Cobra (1983)(Konami)(JP)[o2][RC-705].rom,46,Super Cobra (1983)(K,,,,,,,,,,,,
643,Super Cobra (1983)(Konami)(JP)[o3][RC-705].rom,46,Super Cobra (1983)(K,,,,,,,,,,,,
644,Super Columns (1990)(Hi-Com).rom,32,Super Columns (1990),,,,,,,,,,,,
645,Super Cross Force (1983)(Spectravideo)(GB).rom,46,Super Cross Force (1,,,,,,,,,,,,
646,Super Drinker (1983)(Ample Software)(JP).rom,44,Super Drinker (1983),,,,,,,,,,,,
647,Super Golf (1985)(Sony)(JP).rom,31,Super Golf (1985)(So,,,,,,,,,,,,
648,Super Laydock - Mission Striker (1987)(T&E Soft)(JP).rom,56,Super Laydock - Miss,,,,,,,,,,,,
649,Super Laydock - Mission Striker (1988)(Zemina)(KR).rom,54,Super Laydock - Miss,,,,,,,,,,,,
650,Super Laydock - Mission Striker (1988)(Zemina)(KR)[u].rom,57,Super Laydock - Miss,,,,,,,,,,,,
651,Super Pachinko (1985)(Nippon Columbia - Colpax - Universal).rom,63,Super Pachinko (1985,,,,,,,,,,,,
652,Super Pierrot (1988)(Nidecom)(JP).rom,37,Super Pierrot (1988),,,,,,,,,,,,
653,Super Snake (1983)(HAL Laboratory)(JP).rom,42,Super Snake (1983)(H,,,,,,,,,,,,
654,Super Soccer (1985)(Sony)(JP).rom,33,Super Soccer (1985)(,,,,,,,,,,,,
655,Super Tennis (1985)(Sony)(JP).rom,33,Super Tennis (1985)(,,,,,,,,,,,,
656,Supertripper (1985)(Indescomp)(ES).rom,38,Supertripper (1985)(,,,,,,,,,,,,
657,Sutaa Torappu. Star Trap (1987)(Jast)(JP).rom,45,Sutaa Torappu. Star ,,,,,,,,,,,,
658,Sweet Acorn (1985)(TAITO)(JP).rom,33,Sweet Acorn (1985)(T,,,,,,,,,,,,
659,Swing (1985)(Pony Canyon)(JP).rom,33,Swing (1985)(Pony Ca,,,,,,,,,,,,
660,Syougun. Shigun (1987)(Nippon Dexter)(JP).rom,45,Syougun. Shigun (198,,,,,,,,,,,,
661,T-Virus - Brain Dead! v2 (2004)(Dioniso).rom,44,T-Virus - Brain Dead,,,,,,,,,,,,
662,TZR Grand Prix Rider (1986)(ASCII)(JP).rom,42,TZR Grand Prix Rider,,,,,,,,,,,,
663,Takahasi Meijin no Boukenjima. Wonder Boy (1986)(Hudson Soft)(JP).rom,69,Takahasi Meijin no B,,,,,,,,,,,,
664,Takahasi Meijin no Boukenjima. Wonder Boy (1986)(Hudson Soft)(JP)[cr Magosoft].rom,82,Takahasi Meijin no B,,,,,,,,,,,,
665,Takahasi Meijin no Boukenjima. Wonder Boy (1986)(Hudson Soft)(JP)[cr Star Frontiers].rom,88,Takahasi Meijin no B,,,,,,,,,,,,
666,Takeru Densetsu. Legend of Takeru (1987)(Brother Industries)(JP).rom,68,Takeru Densetsu. Leg,,,,,,,,,,,,
667,Takeru Densetsu. Legend of Takeru (1987)(Brother Industries)(JP)[cr Sammy].rom,78,Takeru Densetsu. Leg,,,,,,,,,,,,
668,Tank Battalion (1984)(Namcot)(JP).rom,37,Tank Battalion (1984,,,,,,,,,,,,
669,Tank Battalion (1984)(Namcot)(JP)[o2].rom,41,Tank Battalion (1984,,,,,,,,,,,,
670,Tatica (1984)(ASCII)(JP).rom,28,Tatica (1984)(ASCII),,,,,,,,,,,,
671,Tawara (1984)(ASCII)(JP).rom,28,Tawara (1984)(ASCII),,,,,,,,,,,,
672,Tear of Nile (1986)(Victor)(JP).rom,35,Tear of Nile (1986)(,,,,,,,,,,,,
673,Teki Paki (2003)(CEZ Games Studio)(beta).rom,44,Teki Paki (2003)(CEZ,,,,,,,,,,,,
674,Telebunnie (1983)(ASCII)(JP).rom,32,Telebunnie (1983)(AS,,,,,,,,,,,,
675,Tensai Rabbian Daifunsen (1986)(Toshiba-EMI)(JP).rom,52,Tensai Rabbian Daifu,,,,,,,,,,,,
676,Tensai Rabbian Daifunsen (1986)(Toshiba-EMI)(JP)[cr Crack Fm].rom,65,Tensai Rabbian Daifu,,,,,,,,,,,,
677,Tenshidachi no Gogo. Afternoon Angels (1987)(Jast)(JP).rom,58,Tenshidachi no Gogo.,,,,,,,,,,,,
678,Tension (1988)(System 4)(ES).rom,32,Tension (1988)(Syste,,,,,,,,,,,,
679,Tetra Horror (1984)(ASCII)(JP).rom,34,Tetra Horror (1984)(,,,,,,,,,,,,
680,Tetris (19xx)(Zemina)(KR).rom,29,Tetris (19xx)(Zemina,,,,,,,,,,,,
681,Tetsuman (1985)(HAL Laboratory)(JP).rom,39,Tetsuman (1985)(HAL ,,,,,,,,,,,,
682,Thexder (1986)(Game Arts)(JP).rom,33,Thexder (1986)(Game ,,,,,,,,,,,,
683,Thexder (1986)(Game Arts)(JP)[cr Magicracks].rom,48,Thexder (1986)(Game ,,,,,,,,,,,,
684,Thunder Ball (1985)(ASCII)(JP).rom,34,Thunder Ball (1985)(,,,,,,,,,,,,
685,Thunder Bolt (1986)(Pixel)(JP).rom,34,Thunder Bolt (1986)(,,,,,,,,,,,,
686,Time Pilot (1983)(Konami)(JP)[RC-703].rom,41,Time Pilot (1983)(Ko,,,,,,,,,,,,
687,Tomboyish Becky's Large Adventure (1983)(MIA)(JP).rom,53,Tomboyish Becky's La,,,,,,,,,,,,
688,Toobin' (1989)(Domark)(GB).rom,30,Toobin' (1989)(Domar,,,,,,,,,,,,
689,Top Roller (1984)(Jaleco)(JP).rom,33,Top Roller (1984)(Ja,,,,,,,,,,,,
690,Topple Zip (1986)(Bothtec)(JP).rom,34,Topple Zip (1986)(Bo,,,,,,,,,,,,
691,Tower of Druaga,15,Tower of Druaga,,,,,,,,,,,,
692,Track & Field 1. Hyper Olympic 1 (1984)(Konami)(JP)[RC-710].rom,63,Track & Field 1. Hyp,,,,,,,,,,,,
693,Track & Field 2. Hyper Olympic 2 (1984)(Konami)(JP)[RC-711].rom,63,Track & Field 2. Hyp,,,,,,,,,,,,
694,Traffic (1986)(Sony)(JP).rom,28,Traffic (1986)(Sony),,,,,,,,,,,,
695,Tragaperras (2005)(MSXnake)(ES).rom,35,Tragaperras (2005)(M,,,,,,,,,,,,
696,Trial Ski (1984)(ASCII)(JP).rom,31,Trial Ski (1984)(ASC,,,,,,,,,,,,
697,Trick Boy. Pinball (1984)(T&E Soft)(JP).rom,43,Trick Boy. Pinball (,,,,,,,,,,,,
698,Tritorn (1986)(Xain)(JP).rom,28,Tritorn (1986)(Xain),,,,,,,,,,,,
699,Trump Aid (1986)(Toshiba-EMI)(JP).rom,37,Trump Aid (1986)(Tos,,,,,,,,,,,,
700,Tumego 120 (1987)(Champion Soft)(JP).rom,40,Tumego 120 (1987)(Ch,,,,,,,,,,,,
701,Turboat (1984)(ASCII)(JP).rom,29,Turboat (1984)(ASCII,,,,,,,,,,,,
702,Turmoil (1984)(ASCII)(JP).rom,29,Turmoil (1984)(ASCII,,,,,,,,,,,,
703,Turmoil (1984)(Qnix).rom,24,Turmoil (1984)(Qnix),,,,,,,,,,,,
704,Twin Bee (1986)(Konami)(JP)[RC-740].rom,39,Twin Bee (1986)(Kona,,,,,,,,,,,,
705,Twin Bee (1986)(Konami)(JP)[SCC+][RC-740].rom,45,Twin Bee (1986)(Kona,,,,,,,,,,,,
706,Twin Hammer (1989)(Best).rom,28,Twin Hammer (1989)(B,,,,,,,,,,,,
707,Ultra-Man (1984)(Bandai)(JP).rom,32,Ultra-Man (1984)(Ban,,,,,,,,,,,,
708,Universe - Unknown (2005)(Infinite).rom,39,Universe - Unknown (,,,,,,,,,,,,
709,Universe - Unknown v2 (2005)(Infinite).rom,42,Universe - Unknown v,,,,,,,,,,,,
710,Valis - The Fantasm Soldier (1986)(Telenet Japan)(JP).rom,57,Valis - The Fantasm ,,,,,,,,,,,,
711,Valis - The Fantasm Soldier (1987)(Zemina)(KR).rom,50,Valis - The Fantasm ,,,,,,,,,,,,
712,Vaxol (1987)(Heart Soft)(JP).rom,32,Vaxol (1987)(Heart S,,,,,,,,,,,,
713,Venus Fire (1987)(Victor)(JP).rom,33,Venus Fire (1987)(Vi,,,,,,,,,,,,
714,Video Hustler. Konami's Billiards (1984)(Konami)(JP)[RC-706].rom,64,Video Hustler. Konam,,,,,,,,,,,,
715,Video Hustler. Konami's Billiards (1984)(Konami)(JP)[SCC+][RC-706].rom,70,Video Hustler. Konam,,,,,,,,,,,,
716,Video Hustler. Konami's Billiards (1984)(Konami)(JP)[SCC][RC-706].rom,69,Video Hustler. Konam,,,,,,,,,,,,
717,Video Hustler. Konami's Billiards (1984)(Konami)(JP)[o2][RC-706].rom,68,Video Hustler. Konam,,,,,,,,,,,,
718,Video Hustler. Konami's Billiards (1984)(Konami)(JP)[o3][RC-706].rom,68,Video Hustler. Konam,,,,,,,,,,,,
719,Viking (2005)(Jose Luis Tur)(ES).rom,36,Viking (2005)(Jose L,,,,,,,,,,,,
720,Viking (2005)(Jose Luis Tur).rom,32,Viking (2005)(Jose L,,,,,,,,,,,,
721,Volguard (1985)(dB-Soft)(JP).rom,32,Volguard (1985)(dB-S,,,,,,,,,,,,
722,Warp & Warp (1984)(Namcot)(JP).rom,34,Warp & Warp (1984)(N,,,,,,,,,,,,
723,Warrior (1984)(ASCII)(JP).rom,29,Warrior (1984)(ASCII,,,,,,,,,,,,
724,Warroid (1985)(ASCII)(JP).rom,29,Warroid (1985)(ASCII,,,,,,,,,,,,
725,Wedding Bells (1984)(Nippon Columbia - Colpax - Universal).rom,62,Wedding Bells (1984),,,,,,,,,,,,
726,Wing Man 2 (1987)(Enix)(JP).rom,31,Wing Man 2 (1987)(En,,,,,,,,,,,,
727,Wrangler (1985)(Sony)(ES).rom,29,Wrangler (1985)(Sony,,,,,,,,,,,,
728,Wreck,5,Wreck,,,,,,,,,,,,
729,Xyxolog. Xyzolog (1985)(Nidecom)(JP).rom,40,Xyxolog. Xyzolog (19,,,,,,,,,,,,
730,Yabyum (1985)(Gerritsen,23,Yabyum (1985)(Gerrit,,,,,,,,,,,,
731,Yakyuu Kyo. Baseball Craze (1984)(Hudson Soft)(JP).rom,54,Yakyuu Kyo. Baseball,,,,,,,,,,,,
732,Yellow Submarine (1987)(Brother Industries)(JP).rom,51,Yellow Submarine (19,,,,,,,,,,,,
733,Yie Ar Kung-Fu (1985)(Konami)(JP)[RC-725].rom,45,Yie Ar Kung-Fu (1985,,,,,,,,,,,,
734,Yie Ar Kung-Fu (1985)(Konami)(JP)[SCC+][RC-725].rom,51,Yie Ar Kung-Fu (1985,,,,,,,,,,,,
735,Yie Ar Kung-Fu (1985)(Konami)(JP)[SCC][RC-725].rom,50,Yie Ar Kung-Fu (1985,,,,,,,,,,,,
736,Yie Ar Kung-Fu II - The Emperor Yie-Gah (1985)(Konami)(JP)[RC-737].rom,70,Yie Ar Kung-Fu II - ,,,,,,,,,,,,
737,Yie Ar Kung-Fu II - The Emperor Yie-Gah (1985)(Konami)(JP)[SCC+][RC-737].rom,76,Yie Ar Kung-Fu II - ,,,,,,,,,,,,
738,Yie Ar Kung-Fu II - The Emperor Yie-Gah (1985)(Konami)(JP)[SCC][RC-737].rom,75,Yie Ar Kung-Fu II - ,,,,,,,,,,,,
739,Yie Ar Kung-Fu II - The Emperor Yie-Gah (1985)(Konami)(JP)[t][RC-737].rom,73,Yie Ar Kung-Fu II - ,,,,,,,,,,,,
740,Youkai Tanken Chima Chima (1985)(Bothtec)(JP).rom,49,Youkai Tanken Chima ,,,,,,,,,,,,
741,Youkai Yashiki. Boynight. Haunted House (1986)(Casio)(JP).rom,61,Youkai Yashiki. Boyn,,,,,,,,,,,,
742,Young Sherlock - The Legacy of Doyle (1985)(Pack In Video)(JP).rom,66,Young Sherlock - The,,,,,,,,,,,,
743,Yume Tairiku Adventure. Penguin Adventure (1986)(Konami)(JP)[RC-743].rom,72,Yume Tairiku Adventu,,,,,,,,,,,,
744,Yume Tairiku Adventure. Penguin Adventure (1986)(Konami)(JP)[cr Screen][RC-743].rom,83,Yume Tairiku Adventu,,,,,,,,,,,,
745,Yume Tairiku Adventure. Penguin Adventure (1987)(Zemina)(KR)[RC-743].rom,72,Yume Tairiku Adventu,,,,,,,,,,,,
746,Zaider - Battle of Peguss (1986)(Cosmos Computer)(JP).rom,57,Zaider - Battle of P,,,,,,,,,,,,
747,Zanac (1986)(Pony Canyon)(JP).rom,33,Zanac (1986)(Pony Ca,,,,,,,,,,,,
748,Zanac (1986)(Pony Canyon)(JP)[t].rom,36,Zanac (1986)(Pony Ca,,,,,,,,,,,,
749,Zanac - 2nd Version (1987)(Pony Canyon)(JP).rom,47,Zanac - 2nd Version ,,,,,,,,,,,,
750,Zanac - 2nd Version (1987)(Pony Canyon)(JP)[cr Krull Software].rom,66,Zanac - 2nd Version ,,,,,,,,,,,,
751,Zaxxon (1985)(Pony Canyon)(JP).rom,34,Zaxxon (1985)(Pony C,,,,,,,,,,,,
752,Zenji (1984)(Pony Canyon)(JP).rom,33,Zenji (1984)(Pony Ca,,,,,,,,,,,,
753,Zexas Limited (1985)(dB-Soft)(JP).rom,37,Zexas Limited (1985),,,,,,,,,,,,
754,Zoom 909 (1985)(Sega)(JP).rom,29,Zoom 909 (1985)(Sega,,,,,,,,,,,,
755,Zoom 909 (1985)(Sega)(JP)[cr Prosoft].rom,41,Zoom 909 (1985)(Sega,,,,,,,,,,,,